wluna_date,luna_price,luna_total_volume,luna_date,luna_market_cap,wcelo_date,celo_price,celo_total_volume,celo_date,celo_market_cap,luna_celo_ratio
2020-05-22 00:00:00 UTC,0.179572,4801807.454,5/22/2020,72187943.8,2020-05-22 00:00:00 UTC,0.818999657,63137.73806,5/22/2020,267812888,0.219257723
2020-05-23 00:00:00 UTC,0.182917921,3147397.634,5/23/2020,73533004.36,2020-05-23 00:00:00 UTC,0.988004185,1729708.613,5/23/2020,323077368.5,0.185138812
2020-05-24 00:00:00 UTC,0.186008617,3048746.659,5/24/2020,74775463.92,2020-05-24 00:00:00 UTC,2.463325227,4066178.688,5/24/2020,805507349.2,0.075511189
2020-05-25 00:00:00 UTC,0.181350117,4166765.905,5/25/2020,72902747.07,2020-05-25 00:00:00 UTC,1.799572106,3229256.522,5/25/2020,588460078.8,0.100774021
2020-05-26 00:00:00 UTC,0.189055895,4121474.165,5/26/2020,76000469.87,2020-05-26 00:00:00 UTC,1.433089729,2202754.816,5/26/2020,468620341.2,0.131921883
2020-05-27 00:00:00 UTC,0.196041452,5150439.112,5/27/2020,78808663.84,2020-05-27 00:00:00 UTC,1.449355767,2206783.376,5/27/2020,473939335.7,0.135261098
2020-05-28 00:00:00 UTC,0.19609258,5472586.874,5/28/2020,78829217.06,2020-05-28 00:00:00 UTC,1.507492564,2258634.26,5/28/2020,492950068.6,0.130078638
2020-05-29 00:00:00 UTC,0.197123205,5314996.592,5/29/2020,79243528.35,2020-05-29 00:00:00 UTC,1.494215275,2277212.011,5/29/2020,488608394.9,0.131924234
2020-05-30 00:00:00 UTC,0.197815055,6837230.552,5/30/2020,79521651.95,2020-05-30 00:00:00 UTC,1.589261426,2247055.79,5/30/2020,519688486.2,0.124469802
2020-05-31 00:00:00 UTC,0.196571036,4466076.704,5/31/2020,79021556.53,2020-05-31 00:00:00 UTC,1.48307202,1039682.397,5/31/2020,484964550.5,0.132543149
2020-06-01 00:00:00 UTC,0.197921161,3162438.582,6/1/2020,79564306.73,2020-06-01 00:00:00 UTC,1.566775137,1051249.529,6/1/2020,512335469.8,0.12632391
2020-06-02 00:00:00 UTC,0.200598584,4667663.609,6/2/2020,80640630.79,2020-06-02 00:00:00 UTC,1.527917763,1043869.663,6/2/2020,499629108.4,0.131288862
2020-06-03 00:00:00 UTC,0.199556142,4825712.238,6/3/2020,80221568.91,2020-06-03 00:00:00 UTC,1.51857212,477856.5063,6/3/2020,496573083.2,0.131410382
2020-06-04 00:00:00 UTC,0.202976747,3864767.289,6/4/2020,81596652.43,2020-06-04 00:00:00 UTC,1.544103234,245352.1949,6/4/2020,504921757.6,0.131452835
2020-06-05 00:00:00 UTC,0.216819579,8105622.083,6/5/2020,87161470.79,2020-06-05 00:00:00 UTC,1.640301119,449122.3539,6/5/2020,536378466,0.13218279
2020-06-06 00:00:00 UTC,0.212125045,2924897.874,6/6/2020,85274267.92,2020-06-06 00:00:00 UTC,1.627521921,351744.3495,6/6/2020,532199668,0.130336214
2020-06-07 00:00:00 UTC,0.211445779,8470560.116,6/7/2020,85001203.27,2020-06-07 00:00:00 UTC,1.600812395,317284.9368,6/7/2020,523465653.3,0.132086545
2020-06-08 00:00:00 UTC,0.215205317,6416165.763,6/8/2020,86512537.39,2020-06-08 00:00:00 UTC,1.611959947,269413.3784,6/8/2020,527110902.6,0.133505375
2020-06-09 00:00:00 UTC,0.218626543,4271643.134,6/9/2020,87887870.22,2020-06-09 00:00:00 UTC,1.77616103,270613.7699,6/9/2020,580804656.7,0.12308937
2020-06-10 00:00:00 UTC,0.223097965,7748278.396,6/10/2020,89685382.06,2020-06-10 00:00:00 UTC,1.729164933,312888.7373,6/10/2020,565436933,0.129020639
2020-06-11 00:00:00 UTC,0.22713784,6735459.257,6/11/2020,91309411.86,2020-06-11 00:00:00 UTC,1.803853028,329411.4077,6/11/2020,589859940.2,0.125918152
2020-06-12 00:00:00 UTC,0.20233979,5017351.453,6/12/2020,81340595.4,2020-06-12 00:00:00 UTC,1.706346829,394721.234,6/12/2020,557975413.1,0.118580693
2020-06-13 00:00:00 UTC,0.211399403,2358479.162,6/13/2020,84982560.19,2020-06-13 00:00:00 UTC,1.722788334,331336.7025,6/13/2020,563351785.3,0.122707705
2020-06-14 00:00:00 UTC,0.213329704,2346740.962,6/14/2020,85758541.2,2020-06-14 00:00:00 UTC,1.574005023,380406.6353,6/14/2020,514699642.6,0.135533052
2020-06-15 00:00:00 UTC,0.21208481,3129241.744,6/15/2020,85258093.81,2020-06-15 00:00:00 UTC,1.6834219,338638.4162,6/15/2020,550478961.3,0.125984348
2020-06-16 00:00:00 UTC,0.205010622,3330201.118,6/16/2020,82414270.1,2020-06-16 00:00:00 UTC,1.606660243,293580.6129,6/16/2020,525377899.4,0.127600482
2020-06-17 00:00:00 UTC,0.216778496,3243815.831,6/17/2020,87144955.34,2020-06-17 00:00:00 UTC,1.742865562,405610.8803,6/17/2020,569917038.8,0.124380503
2020-06-18 00:00:00 UTC,0.213314056,3317132.94,6/18/2020,85752250.44,2020-06-18 00:00:00 UTC,1.719740256,355401.2925,6/18/2020,562355063.8,0.124038532
2020-06-19 00:00:00 UTC,0.211335096,3167603.881,6/19/2020,84956708.51,2020-06-19 00:00:00 UTC,1.792369668,437463.8913,6/19/2020,586104881.5,0.117908208
2020-06-20 00:00:00 UTC,0.21316421,2812243.587,6/20/2020,85692012.56,2020-06-20 00:00:00 UTC,1.77888267,457047.2847,6/20/2020,581694633,0.119830393
2020-06-21 00:00:00 UTC,0.211775838,3008365.898,6/21/2020,85133886.71,2020-06-21 00:00:00 UTC,1.834065719,257705.5167,6/21/2020,599739490.2,0.115467966
2020-06-22 00:00:00 UTC,0.212236289,2801273.066,6/22/2020,85318988.15,2020-06-22 00:00:00 UTC,1.796590173,306491.7125,6/22/2020,587484986.5,0.118132834
2020-06-23 00:00:00 UTC,0.209974218,3320013.426,6/23/2020,84409635.58,2020-06-23 00:00:00 UTC,1.776677056,301461.2047,6/23/2020,580973397.3,0.118183672
2020-06-24 00:00:00 UTC,0.210243363,1678818.545,6/24/2020,84517832.08,2020-06-24 00:00:00 UTC,1.834152639,275604.4264,6/24/2020,599767913,0.114626972
2020-06-25 00:00:00 UTC,0.206140318,4085721.587,6/25/2020,82868407.8,2020-06-25 00:00:00 UTC,1.83139904,251577.9771,6/25/2020,598867486.1,0.112558931
2020-06-26 00:00:00 UTC,0.20341009,4095155.058,6/26/2020,81770856.2,2020-06-26 00:00:00 UTC,1.838912237,334148.3693,6/26/2020,601324301.6,0.110614354
2020-06-27 00:00:00 UTC,0.203648436,4619373.805,6/27/2020,81866671.44,2020-06-27 00:00:00 UTC,1.850772208,192869.0087,6/27/2020,605202512,0.110034306
2020-06-28 00:00:00 UTC,0.208894297,4163711.985,6/28/2020,83975507.47,2020-06-28 00:00:00 UTC,1.813107422,284935.7935,6/28/2020,592886126.9,0.115213415
2020-06-29 00:00:00 UTC,0.205198233,4229946.239,6/29/2020,82489689.48,2020-06-29 00:00:00 UTC,1.814373849,345377.8169,6/29/2020,593300248.7,0.113095894
2020-06-30 00:00:00 UTC,0.206423108,4071245.428,6/30/2020,82982089.45,2020-06-30 00:00:00 UTC,1.796457027,217225.7365,6/30/2020,587441447.9,0.114905675
2020-07-01 00:00:00 UTC,0.209150926,3352762.31,7/1/2020,84078672.15,2020-07-01 00:00:00 UTC,1.752144964,272717.7453,7/1/2020,572951403.2,0.119368506
2020-07-02 00:00:00 UTC,0.207667656,7610119.761,7/2/2020,83482397.77,2020-07-02 00:00:00 UTC,1.845063602,314938.6875,7/2/2020,603335797.7,0.112553115
2020-07-03 00:00:00 UTC,0.210196388,10226692.9,7/3/2020,84498948.02,2020-07-03 00:00:00 UTC,1.887200592,265888.5598,7/3/2020,617114593.5,0.111379993
2020-07-04 00:00:00 UTC,0.208042856,6676399.711,7/4/2020,83633228.08,2020-07-04 00:00:00 UTC,1.902491503,246546.0316,7/4/2020,622114721.5,0.109352844
2020-07-05 00:00:00 UTC,0.204947153,6146262.701,7/5/2020,82388755.38,2020-07-05 00:00:00 UTC,1.820762979,211203.1718,7/5/2020,595389494.2,0.112561138
2020-07-06 00:00:00 UTC,0.206477572,5462357.171,7/6/2020,83003983.85,2020-07-06 00:00:00 UTC,1.836016244,233491.5091,7/6/2020,600377311.8,0.112459556
2020-07-07 00:00:00 UTC,0.213632785,6664257.826,7/7/2020,85880379.45,2020-07-07 00:00:00 UTC,1.926137907,350941.5867,7/7/2020,629847095.5,0.110912507
2020-07-08 00:00:00 UTC,0.214440232,6347934.991,7/8/2020,86204973.2,2020-07-08 00:00:00 UTC,1.921317184,300078.6889,7/8/2020,628270719.1,0.111611052
2020-07-09 00:00:00 UTC,0.209296912,7127268.839,7/9/2020,84137358.59,2020-07-09 00:00:00 UTC,1.868341203,270189.8396,7/9/2020,610947573.3,0.112022853
2020-07-10 00:00:00 UTC,0.207487376,7245927.103,7/10/2020,83409925.04,2020-07-10 00:00:00 UTC,1.899978106,297575.0396,7/10/2020,621292840.6,0.10920514
2020-07-11 00:00:00 UTC,0.208303488,7063613.063,7/11/2020,83738002.2,2020-07-11 00:00:00 UTC,1.794817123,348018.8345,7/11/2020,586905199.4,0.116058336
2020-07-12 00:00:00 UTC,0.208968736,5017924.797,7/12/2020,84005432.02,2020-07-12 00:00:00 UTC,1.783818618,547462.7102,7/12/2020,583308688.1,0.117146852
2020-07-13 00:00:00 UTC,0.215115902,6847799.167,7/13/2020,86476592.53,2020-07-13 00:00:00 UTC,1.714502308,396913.6749,7/13/2020,560642254.6,0.125468424
2020-07-14 00:00:00 UTC,0.211974048,7532102.244,7/14/2020,85213567.32,2020-07-14 00:00:00 UTC,1.796223798,420801.5989,7/14/2020,587365181.8,0.118010934
2020-07-15 00:00:00 UTC,0.215471065,6107379.488,7/15/2020,86619368.17,2020-07-15 00:00:00 UTC,1.747890406,322678.2176,7/15/2020,571560162.8,0.123274929
2020-07-16 00:00:00 UTC,0.235094377,8410676.065,7/16/2020,94507939.72,2020-07-16 00:00:00 UTC,1.837820705,457403.9052,7/16/2020,600967370.4,0.127920192
2020-07-17 00:00:00 UTC,0.233072557,7459889.542,7/17/2020,93695168.08,2020-07-17 00:00:00 UTC,1.767512124,269201.1005,7/17/2020,577976464.6,0.131864757
2020-07-18 00:00:00 UTC,0.260293543,8398623.888,7/18/2020,104638004.2,2020-07-18 00:00:00 UTC,1.807969696,278168.745,7/18/2020,591206090.6,0.143970081
2020-07-19 00:00:00 UTC,0.269280571,7981639.474,7/19/2020,108250789.5,2020-07-19 00:00:00 UTC,1.810327276,34934.75801,7/19/2020,591977019.4,0.1487469
2020-07-20 00:00:00 UTC,0.338160687,20868412.32,7/20/2020,135940596.2,2020-07-20 00:00:00 UTC,1.781696677,298864.0463,7/20/2020,582614813.4,0.189797002
2020-07-21 00:00:00 UTC,0.340114216,20766577.77,7/21/2020,136725915,2020-07-21 00:00:00 UTC,1.798510726,234595.0672,7/21/2020,588113007.4,0.189108806
2020-07-22 00:00:00 UTC,0.323627765,15013133.83,7/22/2020,130098361.5,2020-07-22 00:00:00 UTC,1.783701209,250351.7225,7/22/2020,583270295.2,0.181436085
2020-07-23 00:00:00 UTC,0.378435629,21762179.15,7/23/2020,152131122.8,2020-07-23 00:00:00 UTC,1.728917913,271964.5399,7/23/2020,565356157.6,0.218885828
2020-07-24 00:00:00 UTC,0.390341726,22416767.18,7/24/2020,156917374,2020-07-24 00:00:00 UTC,1.739018442,248272.8159,7/24/2020,568659030.5,0.224460947
2020-07-25 00:00:00 UTC,0.377719795,16023877.47,7/25/2020,151843357.4,2020-07-25 00:00:00 UTC,1.771397275,231115.5375,7/25/2020,579246908.8,0.213232684
2020-07-26 00:00:00 UTC,0.383736483,12420342.62,7/26/2020,154262066.2,2020-07-26 00:00:00 UTC,1.802890702,204603.123,7/26/2020,589545259.7,0.212845117
2020-07-27 00:00:00 UTC,0.417766734,14551682.76,7/27/2020,167942226.9,2020-07-27 00:00:00 UTC,1.785810688,238503.0898,7/27/2020,583960095.1,0.233936742
2020-07-28 00:00:00 UTC,0.400822953,14385976.84,7/28/2020,161130827,2020-07-28 00:00:00 UTC,1.736868576,246902.6871,7/28/2020,567956024.5,0.230773335
2020-07-29 00:00:00 UTC,0.372256928,6643920.816,7/29/2020,149647285.2,2020-07-29 00:00:00 UTC,1.784532982,21499.97587,7/29/2020,583542285.3,0.208601876
2020-07-30 00:00:00 UTC,0.34716628,12377580.69,7/30/2020,139560844.7,2020-07-30 00:00:00 UTC,1.771194171,22348.48454,7/30/2020,579180494,0.196006901
2020-07-31 00:00:00 UTC,0.337442134,11094981.91,7/31/2020,135651737.7,2020-07-31 00:00:00 UTC,1.795681213,14618.20353,7/31/2020,587187756.7,0.187918731
2020-08-01 00:00:00 UTC,0.305321797,7188651.143,8/1/2020,122739362.5,2020-08-01 00:00:00 UTC,1.782850074,25614.08844,8/1/2020,582991974.3,0.171254892
2020-08-02 00:00:00 UTC,0.281923629,5637917.191,8/2/2020,113333298.7,2020-08-02 00:00:00 UTC,1.820081573,40238.8307,8/2/2020,595166674.5,0.15489615
2020-08-03 00:00:00 UTC,0.32418646,12023138.21,8/3/2020,130322956.7,2020-08-03 00:00:00 UTC,1.775455256,45642.66959,8/3/2020,580573868.6,0.182593427
2020-08-04 00:00:00 UTC,0.326564219,10945252.11,8/4/2020,131278816.2,2020-08-04 00:00:00 UTC,1.778907617,8339.941807,8/4/2020,581702790.9,0.183575704
2020-08-05 00:00:00 UTC,0.325689433,8187201.073,8/5/2020,130927152.1,2020-08-05 00:00:00 UTC,1.782313541,104468.3203,8/5/2020,582816528,0.182734084
2020-08-06 00:00:00 UTC,0.339696263,12411461.57,8/6/2020,136557897.8,2020-08-06 00:00:00 UTC,1.791210028,70420.47092,8/6/2020,585725679.1,0.189646249
2020-08-07 00:00:00 UTC,0.346973769,10371502.27,8/7/2020,139483455.2,2020-08-07 00:00:00 UTC,1.799520431,41321.55179,8/7/2020,588443180.8,0.192814576
2020-08-08 00:00:00 UTC,0.335284648,7256433.015,8/8/2020,134784428.5,2020-08-08 00:00:00 UTC,1.845191271,114037.6495,8/8/2020,603377545.7,0.181707259
2020-08-09 00:00:00 UTC,0.365207237,12102306.2,8/9/2020,146813309.3,2020-08-09 00:00:00 UTC,2.106022762,392169.1365,8/9/2020,688669443.2,0.173410869
2020-08-10 00:00:00 UTC,0.434670058,20779480.37,8/10/2020,174737363.5,2020-08-10 00:00:00 UTC,2.104558557,146223.7912,8/10/2020,688190648.2,0.206537403
2020-08-11 00:00:00 UTC,0.571397922,51260126.46,8/11/2020,229701964.8,2020-08-11 00:00:00 UTC,2.098878061,401427.9084,8/11/2020,686333125.9,0.272239694
2020-08-12 00:00:00 UTC,0.524797175,38045246.48,8/12/2020,210968464.3,2020-08-12 00:00:00 UTC,2.051077583,310201.2619,8/12/2020,670702369.7,0.255864127
2020-08-13 00:00:00 UTC,0.553971927,29180606.39,8/13/2020,222696714.7,2020-08-13 00:00:00 UTC,2.224365788,905442.0895,8/13/2020,727367612.6,0.249047135
2020-08-14 00:00:00 UTC,0.519457775,33832685.71,8/14/2020,208822025.7,2020-08-14 00:00:00 UTC,2.438006214,590776.0859,8/14/2020,797228032.1,0.213066633
2020-08-15 00:00:00 UTC,0.519680862,19724610.78,8/15/2020,208911706.4,2020-08-15 00:00:00 UTC,2.605640244,773187.9755,8/15/2020,852044359.9,0.199444595
2020-08-16 00:00:00 UTC,0.511334142,7122852.394,8/16/2020,205556324.9,2020-08-16 00:00:00 UTC,2.47502995,516080.2277,8/16/2020,809334793.6,0.206597153
2020-08-17 00:00:00 UTC,0.601943345,26830181.46,8/17/2020,241981224.8,2020-08-17 00:00:00 UTC,2.540813783,511495.2819,8/17/2020,830846107.1,0.236909666
2020-08-18 00:00:00 UTC,0.564947539,13949991.82,8/18/2020,227108910.7,2020-08-18 00:00:00 UTC,2.581887466,640910.4337,8/18/2020,844277201.5,0.218811837
2020-08-19 00:00:00 UTC,0.563093541,15362438.89,8/19/2020,226363603.4,2020-08-19 00:00:00 UTC,2.684206491,691468.5125,8/19/2020,877735522.4,0.209780262
2020-08-20 00:00:00 UTC,0.506736093,65032077.78,8/20/2020,203707909.2,2020-08-20 00:00:00 UTC,2.559992357,608456.2469,8/20/2020,837117500.6,0.197944377
2020-08-21 00:00:00 UTC,0.514618409,15150959.18,8/21/2020,206876600.3,2020-08-21 00:00:00 UTC,2.594319956,390039.1239,8/21/2020,848342625.6,0.198363509
2020-08-22 00:00:00 UTC,0.431929293,20764709.59,8/22/2020,173635575.9,2020-08-22 00:00:00 UTC,2.433435653,894122.8527,8/22/2020,795733458.4,0.177497725
2020-08-23 00:00:00 UTC,0.468262971,13974469.55,8/23/2020,188241714.2,2020-08-23 00:00:00 UTC,2.328038003,812989.3696,8/23/2020,761268426.9,0.201140604
2020-08-24 00:00:00 UTC,0.481956129,16754088.95,8/24/2020,193746363.9,2020-08-24 00:00:00 UTC,2.376684606,376998.946,8/24/2020,777175866.3,0.202785059
2020-08-25 00:00:00 UTC,0.528289511,11873526.87,8/25/2020,212372383.4,2020-08-25 00:00:00 UTC,2.460271974,597641.4811,8/25/2020,804508935.4,0.214728094
2020-08-26 00:00:00 UTC,0.463275671,15781154.9,8/26/2020,186236819.7,2020-08-26 00:00:00 UTC,2.895966425,9709101.671,8/26/2020,946981020.9,0.159972736
2020-08-27 00:00:00 UTC,0.491346651,11097256.73,8/27/2020,197521353.7,2020-08-27 00:00:00 UTC,4.450925386,34228439.35,8/27/2020,1455452601,0.110392022
2020-08-28 00:00:00 UTC,0.502707479,16125750.72,8/28/2020,202088406.4,2020-08-28 00:00:00 UTC,3.966222218,22099533.6,8/28/2020,1296954665,0.126747179
2020-08-29 00:00:00 UTC,0.562572528,21429056.94,8/29/2020,226154156.5,2020-08-29 00:00:00 UTC,4.217858706,11846746.51,8/29/2020,1379239797,0.133378704
2020-08-30 00:00:00 UTC,0.537754909,16729430.73,8/30/2020,216177473.4,2020-08-30 00:00:00 UTC,4.027970123,13254516.88,8/30/2020,1317146230,0.133505188
2020-08-31 00:00:00 UTC,0.53234624,13854971.12,8/31/2020,214003188.7,2020-08-31 00:00:00 UTC,4.096856087,14383261.8,8/31/2020,1339671941,0.129940186
2020-09-01 00:00:00 UTC,0.50915884,11470520.95,9/1/2020,204681853.8,2020-09-01 00:00:00 UTC,3.904266323,9509149.42,9/1/2020,1276695087,0.130410888
2020-09-02 00:00:00 UTC,0.478990742,14372127.85,9/2/2020,192554278.4,2020-09-02 00:00:00 UTC,4.042319827,25833064.44,9/2/2020,1321838583,0.118494024
2020-09-03 00:00:00 UTC,0.443355156,12647026.68,9/3/2020,178228772.8,2020-09-03 00:00:00 UTC,3.84111179,9146785.175,9/3/2020,1256043555,0.115423653
2020-09-04 00:00:00 UTC,0.379937764,12158189.78,9/4/2020,152734981,2020-09-04 00:00:00 UTC,4.187417048,36257382.04,9/4/2020,1369285375,0.090733204
2020-09-05 00:00:00 UTC,0.370448094,9110670.415,9/5/2020,148920133.6,2020-09-05 00:00:00 UTC,4.045708093,38489049.66,9/5/2020,1322946546,0.0915657
2020-09-06 00:00:00 UTC,0.328200783,8055742.085,9/6/2020,131936714.6,2020-09-06 00:00:00 UTC,3.347947702,17642911.26,9/6/2020,1094778899,0.098030439
2020-09-07 00:00:00 UTC,0.33367435,7144493.183,9/7/2020,134137088.7,2020-09-07 00:00:00 UTC,3.494318682,11484974.18,9/7/2020,1142642209,0.095490532
2020-09-08 00:00:00 UTC,0.325724028,7813656.483,9/8/2020,130941059.1,2020-09-08 00:00:00 UTC,3.311540029,7049374.978,9/8/2020,1082873589,0.098360287
2020-09-09 00:00:00 UTC,0.317045578,6149330.713,9/9/2020,127452322.4,2020-09-09 00:00:00 UTC,3.085168525,6897246.473,9/9/2020,1008850108,0.102764428
2020-09-10 00:00:00 UTC,0.317582735,5020297.251,9/10/2020,127668259.4,2020-09-10 00:00:00 UTC,3.12025174,6137086.793,9/10/2020,1020322319,0.101781126
2020-09-11 00:00:00 UTC,0.349268038,10849702.27,9/11/2020,140405751.4,2020-09-11 00:00:00 UTC,3.08017658,4518512.421,9/11/2020,1007217742,0.113392213
2020-09-12 00:00:00 UTC,0.338358278,6998492.104,9/12/2020,136020027.6,2020-09-12 00:00:00 UTC,2.975384781,5432509.611,9/12/2020,972950823.3,0.113719167
2020-09-13 00:00:00 UTC,0.329457895,6295507.452,9/13/2020,132442074,2020-09-13 00:00:00 UTC,2.978679934,4434988.886,9/13/2020,974028338.5,0.110605336
2020-09-14 00:00:00 UTC,0.309325409,6243650.307,9/14/2020,124348814.3,2020-09-14 00:00:00 UTC,2.79113214,3289699.319,9/14/2020,912700209.7,0.110824351
2020-09-15 00:00:00 UTC,0.319794693,3964415.642,9/15/2020,128557466.4,2020-09-15 00:00:00 UTC,2.778423377,3197229.733,9/15/2020,908544444.1,0.115099339
2020-09-16 00:00:00 UTC,0.337844572,12008452.93,9/16/2020,135813518,2020-09-16 00:00:00 UTC,2.569257802,5050449.902,9/16/2020,840147301.1,0.131495007
2020-09-17 00:00:00 UTC,0.320198214,16661875.04,9/17/2020,128719682.1,2020-09-17 00:00:00 UTC,2.489740197,4570407.498,9/17/2020,814145044.5,0.128607079
2020-09-18 00:00:00 UTC,0.312105034,6251379.025,9/18/2020,125466223.7,2020-09-18 00:00:00 UTC,2.319340543,4454121.234,9/18/2020,758424357.7,0.134566282
2020-09-19 00:00:00 UTC,0.321651293,5343905.108,9/19/2020,129303820,2020-09-19 00:00:00 UTC,2.039363561,5462429.576,9/19/2020,666871884.3,0.157721408
2020-09-20 00:00:00 UTC,0.317323114,3753468.271,9/20/2020,127563891.8,2020-09-20 00:00:00 UTC,2.10876102,1743704.41,9/20/2020,689564853.4,0.150478462
2020-09-21 00:00:00 UTC,0.310044158,3848696.592,9/21/2020,124637751.4,2020-09-21 00:00:00 UTC,3.585216007,66510158.77,9/21/2020,1172365634,0.086478515
2020-09-22 00:00:00 UTC,0.2886569,4888077.389,9/22/2020,116040073.6,2020-09-22 00:00:00 UTC,2.809153193,23676054.94,9/22/2020,918593094.1,0.102755841
2020-09-23 00:00:00 UTC,0.299993892,2712813.938,9/23/2020,120597544.4,2020-09-23 00:00:00 UTC,2.693565621,9279902.591,9/23/2020,880795958,0.111374265
2020-09-24 00:00:00 UTC,0.290093175,1952761.345,9/24/2020,116617456.5,2020-09-24 00:00:00 UTC,2.40718788,7136326.614,9/24/2020,787150436.8,0.120511231
2020-09-25 00:00:00 UTC,0.301900933,2920336.914,9/25/2020,121364175.2,2020-09-25 00:00:00 UTC,2.514414449,6250919.115,9/25/2020,822213524.8,0.120068087
2020-09-26 00:00:00 UTC,0.323756253,7775712.15,9/26/2020,130150013.6,2020-09-26 00:00:00 UTC,2.505960822,5347943.755,9/26/2020,819449188.8,0.129194459
2020-09-27 00:00:00 UTC,0.315841219,2979831.937,9/27/2020,126968170.1,2020-09-27 00:00:00 UTC,2.498408633,4292444.097,9/27/2020,816979622.9,0.126416958
2020-09-28 00:00:00 UTC,0.312796008,1822428.326,9/28/2020,125743995.1,2020-09-28 00:00:00 UTC,2.410556767,2655483.675,9/28/2020,788252062.9,0.129760897
2020-09-29 00:00:00 UTC,0.322928386,5322333.651,9/29/2020,129817211.1,2020-09-29 00:00:00 UTC,2.306120807,5420919.163,9/29/2020,754101503.9,0.140030993
2020-09-30 00:00:00 UTC,0.332988151,11758064.22,9/30/2020,133861236.9,2020-09-30 00:00:00 UTC,2.277802161,2241434.948,9/30/2020,744841306.5,0.146188355
2020-10-01 00:00:00 UTC,0.334265796,3283138.496,10/1/2020,134374850.1,2020-10-01 00:00:00 UTC,2.262777897,5242863.028,10/1/2020,739928372.2,0.147723644
2020-10-02 00:00:00 UTC,0.317805408,3401368.153,10/2/2020,127757774.1,2020-10-02 00:00:00 UTC,2.246083404,3739142.681,10/2/2020,734469273,0.141493146
2020-10-03 00:00:00 UTC,0.329966359,7173275.411,10/3/2020,132646476.2,2020-10-03 00:00:00 UTC,2.138332885,2680168.717,10/3/2020,699234853.4,0.154310099
2020-10-04 00:00:00 UTC,0.310792437,4295259.692,10/4/2020,124938559.6,2020-10-04 00:00:00 UTC,2.158746964,2539330.471,10/4/2020,705910257.3,0.143968905
2020-10-05 00:00:00 UTC,0.301728207,1935573.91,10/5/2020,121294739.3,2020-10-05 00:00:00 UTC,2.122570484,2388248.805,10/5/2020,694080548.2,0.142152267
2020-10-06 00:00:00 UTC,0.310758911,3676909.738,10/6/2020,124925082.3,2020-10-06 00:00:00 UTC,2.1206141,2315428.222,10/6/2020,693440810.6,0.146541943
2020-10-07 00:00:00 UTC,0.294385049,2653952.648,10/7/2020,118342789.7,2020-10-07 00:00:00 UTC,1.969614347,3047788.991,10/7/2020,644063891.6,0.149463294
2020-10-08 00:00:00 UTC,0.30288977,2473114.162,10/8/2020,121761687.5,2020-10-08 00:00:00 UTC,1.942046296,2842024.98,10/8/2020,635049138.6,0.155964238
2020-10-09 00:00:00 UTC,0.301279148,2331012.085,10/9/2020,121114217.4,2020-10-09 00:00:00 UTC,2.030698158,4432042.464,10/9/2020,664038297.5,0.148362349
2020-10-10 00:00:00 UTC,0.317017328,2747594.362,10/10/2020,127440966.1,2020-10-10 00:00:00 UTC,2.326924494,11821837.07,10/10/2020,760904309.6,0.136238769
2020-10-11 00:00:00 UTC,0.308063146,3107002.743,10/11/2020,123841384.5,2020-10-11 00:00:00 UTC,2.188353914,5680071.111,10/11/2020,715591730,0.140773914
2020-10-12 00:00:00 UTC,0.320965419,3068476.588,10/12/2020,129028098.3,2020-10-12 00:00:00 UTC,2.157654064,7532231.168,10/12/2020,705552879,0.148756663
2020-10-13 00:00:00 UTC,0.325433762,3510666.376,10/13/2020,130824372.5,2020-10-13 00:00:00 UTC,2.177407641,4441097.7,10/13/2020,712012298.6,0.149459273
2020-10-14 00:00:00 UTC,0.316097785,3139624.822,10/14/2020,127071309.5,2020-10-14 00:00:00 UTC,2.129091706,2860653.76,10/14/2020,696212987.9,0.148466026
2020-10-15 00:00:00 UTC,0.320123562,5695563.076,10/15/2020,128689671.9,2020-10-15 00:00:00 UTC,2.11778125,4142110.082,10/15/2020,692514468.6,0.151159881
2020-10-16 00:00:00 UTC,0.323945663,2469317.462,10/16/2020,130226156.5,2020-10-16 00:00:00 UTC,2.057981057,5171375.964,10/16/2020,672959805.6,0.157409448
2020-10-17 00:00:00 UTC,0.31861337,2803163.843,10/17/2020,128082574.6,2020-10-17 00:00:00 UTC,2.017622845,3752702.202,10/17/2020,659762670.3,0.157915227
2020-10-18 00:00:00 UTC,0.316640475,1368328.801,10/18/2020,127289470.9,2020-10-18 00:00:00 UTC,2.028829177,3202387.755,10/18/2020,663427141,0.156070545
2020-10-19 00:00:00 UTC,0.313775714,1061622.664,10/19/2020,126137837.2,2020-10-19 00:00:00 UTC,2.094420433,2454247.817,10/19/2020,684875481.5,0.149815056
2020-10-20 00:00:00 UTC,0.319999423,3505320.641,10/20/2020,128639768,2020-10-20 00:00:00 UTC,2.036901695,2676021.591,10/20/2020,666066854.4,0.157101064
2020-10-21 00:00:00 UTC,0.30998844,3844562.716,10/21/2020,124615352.7,2020-10-21 00:00:00 UTC,1.983780453,1884465.168,10/21/2020,648696208.1,0.156261465
2020-10-22 00:00:00 UTC,0.311329041,3452618.832,10/22/2020,125154274.3,2020-10-22 00:00:00 UTC,1.982304742,2375032.293,10/22/2020,648213650.6,0.157054077
2020-10-23 00:00:00 UTC,0.314015737,2991262.708,10/23/2020,126234326.4,2020-10-23 00:00:00 UTC,2.005505892,2112051.567,10/23/2020,655800426.6,0.156576821
2020-10-24 00:00:00 UTC,0.316409045,3917562.336,10/24/2020,127196435.9,2020-10-24 00:00:00 UTC,1.985893121,1155746.398,10/24/2020,649387050.6,0.159328335
2020-10-25 00:00:00 UTC,0.311498468,2193956.274,10/25/2020,125222384.2,2020-10-25 00:00:00 UTC,1.975058393,923663.5221,10/25/2020,645844094.6,0.15771608
2020-10-26 00:00:00 UTC,0.308177915,2000978.145,10/26/2020,123887521.8,2020-10-26 00:00:00 UTC,1.96195232,1030757.833,10/26/2020,641558408.8,0.157077168
2020-10-27 00:00:00 UTC,0.30402504,4812522.795,10/27/2020,122218066,2020-10-27 00:00:00 UTC,1.946375558,839314.8333,10/27/2020,636464807.4,0.156200605
2020-10-28 00:00:00 UTC,0.309210893,4703293.295,10/28/2020,124302778.9,2020-10-28 00:00:00 UTC,1.888815318,1107202.54,10/28/2020,617642609.1,0.163706261
2020-10-29 00:00:00 UTC,0.308439141,5609866.985,10/29/2020,123992534.5,2020-10-29 00:00:00 UTC,1.74536212,2298189.332,10/29/2020,570733413.2,0.176719282
2020-10-30 00:00:00 UTC,0.301632518,2444798.986,10/30/2020,121256272.4,2020-10-30 00:00:00 UTC,1.694725063,2279353.688,10/30/2020,554175095.5,0.177983158
2020-10-31 00:00:00 UTC,0.303266025,2970525.138,10/31/2020,121912942.1,2020-10-31 00:00:00 UTC,1.694214747,1273851.519,10/31/2020,554008222.2,0.179000936
2020-11-01 00:00:00 UTC,0.303118222,2133363.531,11/1/2020,121853525.4,2020-11-01 00:00:00 UTC,1.61927952,1845585.698,11/1/2020,529504403,0.187193266
2020-11-02 00:00:00 UTC,0.299254147,1809440.309,11/2/2020,120300167,2020-11-02 00:00:00 UTC,1.666146324,911954.8641,11/2/2020,544829847.8,0.179608563
2020-11-03 00:00:00 UTC,0.286692459,3580435.254,11/3/2020,115250368.6,2020-11-03 00:00:00 UTC,1.607291139,498243.7072,11/3/2020,525584202.5,0.178369962
2020-11-04 00:00:00 UTC,0.290440066,3597904.05,11/4/2020,116756906.6,2020-11-04 00:00:00 UTC,1.552395716,1176157.392,11/4/2020,507633399.1,0.187091515
2020-11-05 00:00:00 UTC,0.283942403,2777597.381,11/5/2020,114144846.1,2020-11-05 00:00:00 UTC,1.554075064,525546.8455,11/5/2020,508182546,0.182708294
2020-11-06 00:00:00 UTC,0.292144889,3106760.791,11/6/2020,117442245.4,2020-11-06 00:00:00 UTC,1.579969454,1195142.738,11/6/2020,516650011.5,0.184905403
2020-11-07 00:00:00 UTC,0.304680381,3723112.936,11/7/2020,122481513.1,2020-11-07 00:00:00 UTC,1.700439319,2917868.829,11/7/2020,556043657.4,0.17917745
2020-11-08 00:00:00 UTC,0.291888553,4312857.749,11/8/2020,117339198.2,2020-11-08 00:00:00 UTC,1.61687,2903926.195,11/8/2020,528716490.1,0.180526915
2020-11-09 00:00:00 UTC,0.303017119,2399280.223,11/9/2020,121812882,2020-11-09 00:00:00 UTC,1.675411501,1154887.505,11/9/2020,547859560.9,0.18086131
2020-11-10 00:00:00 UTC,0.297684357,3129659.081,11/10/2020,119669111.6,2020-11-10 00:00:00 UTC,1.657698435,1411619.342,11/10/2020,542067388.3,0.179576907
2020-11-11 00:00:00 UTC,0.308042886,4175513.932,11/11/2020,123833240,2020-11-11 00:00:00 UTC,1.860061514,1887383.24,11/11/2020,608240115.1,0.165608978
2020-11-12 00:00:00 UTC,0.320465814,7742041.085,11/12/2020,128827257.1,2020-11-12 00:00:00 UTC,1.82153874,6332891.11,11/12/2020,595643168.1,0.175931374
2020-11-13 00:00:00 UTC,0.31651002,5987448.399,11/13/2020,127237028,2020-11-13 00:00:00 UTC,1.784552568,1382375.553,11/13/2020,583548689.7,0.177360996
2020-11-14 00:00:00 UTC,0.318684933,4073304.723,11/14/2020,128111343.2,2020-11-14 00:00:00 UTC,1.804399671,1061300.453,11/14/2020,590038692.4,0.176615491
2020-11-15 00:00:00 UTC,0.305262117,3869990.353,11/15/2020,122715371.2,2020-11-15 00:00:00 UTC,1.774749406,710318.4473,11/15/2020,580343055.8,0.172002941
2020-11-16 00:00:00 UTC,0.30794642,5662326.219,11/16/2020,123794460.7,2020-11-16 00:00:00 UTC,1.798784235,821562.2844,11/16/2020,588202444.8,0.171196975
2020-11-17 00:00:00 UTC,0.312296012,8494131.01,11/17/2020,125542996.9,2020-11-17 00:00:00 UTC,1.771186515,1975564.931,11/17/2020,579177990.3,0.176320229
2020-11-18 00:00:00 UTC,0.310991161,7005507.225,11/18/2020,125018446.9,2020-11-18 00:00:00 UTC,1.755203794,2127211.837,11/18/2020,573951640.7,0.177182366
2020-11-19 00:00:00 UTC,0.316123131,8337443.819,11/19/2020,127081498.7,2020-11-19 00:00:00 UTC,1.738445157,1819330.984,11/19/2020,568471566.4,0.181842453
2020-11-20 00:00:00 UTC,0.323819997,7948636.98,11/20/2020,130175638.6,2020-11-20 00:00:00 UTC,1.712719094,775297.9698,11/20/2020,560059143.6,0.18906778
2020-11-21 00:00:00 UTC,0.342826905,9791363.045,11/21/2020,137816415.8,2020-11-21 00:00:00 UTC,1.746264768,901251.0924,11/21/2020,571028579,0.196320118
2020-11-22 00:00:00 UTC,0.346038299,6581827.693,11/22/2020,139107396.1,2020-11-22 00:00:00 UTC,1.798502178,3946160.087,11/22/2020,588110212.1,0.192403603
2020-11-23 00:00:00 UTC,0.348005394,15598711.64,11/23/2020,139898168.5,2020-11-23 00:00:00 UTC,2.01988403,7050111.14,11/23/2020,660502077.8,0.172289789
2020-11-24 00:00:00 UTC,0.378518595,24062548.03,11/24/2020,152164475.1,2020-11-24 00:00:00 UTC,1.948746079,4482564.338,11/24/2020,637239968,0.194237001
2020-11-25 00:00:00 UTC,0.411046837,28994700.09,11/25/2020,165240828.3,2020-11-25 00:00:00 UTC,1.946119244,3762036.441,11/25/2020,636380992.7,0.211213593
2020-11-26 00:00:00 UTC,0.408147577,21558379.18,11/26/2020,164075325.8,2020-11-26 00:00:00 UTC,1.879463987,3298501.624,11/26/2020,614584723.8,0.217161691
2020-11-27 00:00:00 UTC,0.349702447,20741565.15,11/27/2020,140580383.9,2020-11-27 00:00:00 UTC,1.752737672,6799299.488,11/27/2020,573145218.7,0.199517847
2020-11-28 00:00:00 UTC,0.384561608,15521851.29,11/28/2020,154593766.5,2020-11-28 00:00:00 UTC,1.775344822,2222557.81,11/28/2020,580537756.9,0.216612347
2020-11-29 00:00:00 UTC,0.384360402,4585675.816,11/29/2020,154512881.7,2020-11-29 00:00:00 UTC,1.846318594,2367518.486,11/29/2020,603746180.3,0.20817664
2020-11-30 00:00:00 UTC,0.379818123,4952754.492,11/30/2020,152686885.5,2020-11-30 00:00:00 UTC,1.812510175,1344328.201,11/30/2020,592690827.4,0.20955365
2020-12-01 00:00:00 UTC,0.397747615,21319200.05,12/1/2020,159894541.2,2020-12-01 00:00:00 UTC,1.827110889,2226229.348,12/1/2020,597465260.6,0.217692105
2020-12-02 00:00:00 UTC,0.389431766,18917723.27,12/2/2020,156551570,2020-12-02 00:00:00 UTC,1.860277064,1957258.828,12/2/2020,608310599.9,0.209340734
2020-12-03 00:00:00 UTC,0.407159424,11131033.88,12/3/2020,163678088.6,2020-12-03 00:00:00 UTC,1.840239016,2289753.568,12/3/2020,601758158.3,0.221253555
2020-12-04 00:00:00 UTC,0.501882915,54233679.52,12/4/2020,201756931.6,2020-12-04 00:00:00 UTC,1.83383906,2391573.093,12/4/2020,599665372.7,0.273678823
2020-12-05 00:00:00 UTC,0.451014832,43303498.07,12/5/2020,181307962.5,2020-12-05 00:00:00 UTC,1.766441852,2279673.377,12/5/2020,577626485.7,0.255323905
2020-12-06 00:00:00 UTC,0.509040409,28668120.74,12/6/2020,204634244.5,2020-12-06 00:00:00 UTC,1.80604868,1693172.684,12/6/2020,590577918.4,0.281853094
2020-12-07 00:00:00 UTC,0.501181184,13197169.47,12/7/2020,201474835.8,2020-12-07 00:00:00 UTC,1.791191111,1517665.257,12/7/2020,585719493.3,0.2798033
2020-12-08 00:00:00 UTC,0.508022975,14788159.07,12/8/2020,204225235.9,2020-12-08 00:00:00 UTC,1.78118074,862524.4775,12/8/2020,582446101.8,0.285216971
2020-12-09 00:00:00 UTC,0.472859423,24559843.77,12/9/2020,190089488,2020-12-09 00:00:00 UTC,1.678142613,1346282.898,12/9/2020,548752634.5,0.28177547
2020-12-10 00:00:00 UTC,0.492110035,23256158.84,12/10/2020,197828234.1,2020-12-10 00:00:00 UTC,1.674515573,2007673.021,12/10/2020,547566592.4,0.293882029
2020-12-11 00:00:00 UTC,0.475424915,12641093.92,12/11/2020,191120816,2020-12-11 00:00:00 UTC,1.638589981,1422128.547,12/11/2020,535818923.9,0.290142696
2020-12-12 00:00:00 UTC,0.463934503,14276303.43,12/12/2020,186501670.3,2020-12-12 00:00:00 UTC,1.622241302,7719654.828,12/12/2020,530472905.7,0.285983659
2020-12-13 00:00:00 UTC,0.482484431,7763096.702,12/13/2020,193958741.2,2020-12-13 00:00:00 UTC,1.646707034,2245826.906,12/13/2020,538473200.2,0.292999557
2020-12-14 00:00:00 UTC,0.479591152,7843446.274,12/14/2020,192795643.1,2020-12-14 00:00:00 UTC,1.698744259,2654824.203,12/14/2020,555489372.6,0.282320985
2020-12-15 00:00:00 UTC,0.472123659,9110044.646,12/15/2020,189793710.8,2020-12-15 00:00:00 UTC,1.689642781,2571012.666,12/15/2020,552513189.2,0.279422174
2020-12-16 00:00:00 UTC,0.478173721,7072660.053,12/16/2020,192225836,2020-12-16 00:00:00 UTC,1.656766163,1274117.127,12/16/2020,541762535.3,0.288618715
2020-12-17 00:00:00 UTC,0.503731413,29078598.56,12/17/2020,202500028.2,2020-12-17 00:00:00 UTC,1.668653166,4659892.453,12/17/2020,545649585.4,0.301879038
2020-12-18 00:00:00 UTC,0.483307191,32097104.15,12/18/2020,194289490.8,2020-12-18 00:00:00 UTC,1.65937078,3313351.707,12/18/2020,542614245,0.291259312
2020-12-19 00:00:00 UTC,0.532681972,26585873.51,12/19/2020,214138152.9,2020-12-19 00:00:00 UTC,1.643623836,1826109.595,12/19/2020,537464994.5,0.324089953
2020-12-20 00:00:00 UTC,0.537211741,12184735.65,12/20/2020,215959119.8,2020-12-20 00:00:00 UTC,1.633696987,2382818.903,12/20/2020,534218914.9,0.328831935
2020-12-21 00:00:00 UTC,0.488744872,19371185.26,12/21/2020,196475438.4,2020-12-21 00:00:00 UTC,1.585168679,2109086.442,12/21/2020,518350158.2,0.308323574
2020-12-22 00:00:00 UTC,0.469513178,27050916.91,12/22/2020,188744297.4,2020-12-22 00:00:00 UTC,1.569535833,5051469.681,12/22/2020,513238217.3,0.29914142
2020-12-23 00:00:00 UTC,0.509523222,22641613.75,12/23/2020,204828335.4,2020-12-23 00:00:00 UTC,1.535044824,3459407.36,12/23/2020,501959657.4,0.33192726
2020-12-24 00:00:00 UTC,0.46097665,17755076.54,12/24/2020,185312613.4,2020-12-24 00:00:00 UTC,1.369149929,2395525.737,12/24/2020,447712026.7,0.336688218
2020-12-25 00:00:00 UTC,0.519164885,33342120.84,12/25/2020,208704283.8,2020-12-25 00:00:00 UTC,1.466050703,1677830.511,12/25/2020,479398580,0.354124782
2020-12-26 00:00:00 UTC,0.538124641,68879829.66,12/26/2020,216326105.9,2020-12-26 00:00:00 UTC,1.447484113,826662.3913,12/26/2020,473327305,0.37176549
2020-12-27 00:00:00 UTC,0.541888359,19886753.18,12/27/2020,217839120.3,2020-12-27 00:00:00 UTC,1.404333924,2478691.173,12/27/2020,459217193.2,0.385868596
2020-12-28 00:00:00 UTC,0.552156398,30329335.09,12/28/2020,221966871.9,2020-12-28 00:00:00 UTC,1.484347523,6153586.347,12/28/2020,485381640,0.371985933
2020-12-29 00:00:00 UTC,0.621174306,54004613.81,12/29/2020,249712070.9,2020-12-29 00:00:00 UTC,1.483257933,2827945.291,12/29/2020,485025344.1,0.418790483
2020-12-30 00:00:00 UTC,0.646934978,47735508.28,12/30/2020,260067861.3,2020-12-30 00:00:00 UTC,1.547259521,5424745.116,12/30/2020,505953863.4,0.418116657
2020-12-31 00:00:00 UTC,0.669369575,45509253.74,12/31/2020,269086569,2020-12-31 00:00:00 UTC,1.529524498,2070051.616,12/31/2020,500154510.9,0.437632464
2021-01-01 00:00:00 UTC,0.651790592,24474148.99,1/1/2021,262019818.1,2021-01-01 00:00:00 UTC,1.481993704,1788005.53,1/1/2021,484611941.2,0.439806586
2021-01-02 00:00:00 UTC,0.648736222,19316682.18,1/2/2021,260791961.2,2021-01-02 00:00:00 UTC,1.463211901,2371404.799,1/2/2021,478470291.7,0.443364506
2021-01-03 00:00:00 UTC,0.631007668,22586202.5,1/3/2021,253665082.6,2021-01-03 00:00:00 UTC,1.434419159,5819070.174,1/3/2021,469055065,0.439904657
2021-01-04 00:00:00 UTC,0.660032486,36340416.95,1/4/2021,265333059.4,2021-01-04 00:00:00 UTC,1.47282763,3325540.865,1/4/2021,481614634.9,0.448139669
2021-01-05 00:00:00 UTC,0.652788645,53310922.55,1/5/2021,262421035.1,2021-01-05 00:00:00 UTC,1.483998587,4288174.002,1/5/2021,485267538,0.439884951
2021-01-06 00:00:00 UTC,0.716676326,45587563.77,1/6/2021,288103883,2021-01-06 00:00:00 UTC,2.53517399,189251072.3,1/6/2021,829001894.6,0.282693152
2021-01-07 00:00:00 UTC,0.715582139,19668604.99,1/7/2021,287664019.8,2021-01-07 00:00:00 UTC,2.346894998,38562171.15,1/7/2021,767434664.3,0.304905903
2021-01-08 00:00:00 UTC,0.856977648,87739758.22,1/8/2021,344505014.6,2021-01-08 00:00:00 UTC,2.233809436,22258711.87,1/8/2021,730455685.6,0.383639551
2021-01-09 00:00:00 UTC,0.850559115,39436615.08,1/9/2021,341924764.3,2021-01-09 00:00:00 UTC,2.304723133,23882529.38,1/9/2021,753644464.6,0.369050452
2021-01-10 00:00:00 UTC,0.819749359,22549655.54,1/10/2021,329539242.4,2021-01-10 00:00:00 UTC,2.287849408,13081712.97,1/10/2021,748126756.3,0.358305646
2021-01-11 00:00:00 UTC,0.847871789,36616084.51,1/11/2021,340844459,2021-01-11 00:00:00 UTC,2.146022623,7834948.339,1/11/2021,701749397.8,0.395089865
2021-01-12 00:00:00 UTC,0.738329468,65086074.36,1/12/2021,296808446.3,2021-01-12 00:00:00 UTC,1.947191345,13273890.37,1/12/2021,636731569.7,0.379176638
2021-01-13 00:00:00 UTC,0.748876071,37414395.96,1/13/2021,301048180.5,2021-01-13 00:00:00 UTC,1.968155678,6748085.96,1/13/2021,643586906.6,0.38049636
2021-01-14 00:00:00 UTC,0.821228321,35339334.94,1/14/2021,330133785,2021-01-14 00:00:00 UTC,2.084332346,5499372.253,1/14/2021,681576677.2,0.39400066
2021-01-15 00:00:00 UTC,0.83301896,38259597.59,1/15/2021,334873621.9,2021-01-15 00:00:00 UTC,2.082730345,7451012.302,1/15/2021,681052822.8,0.399964864
2021-01-16 00:00:00 UTC,0.791904361,25765636.59,1/16/2021,318345553.2,2021-01-16 00:00:00 UTC,2.012151037,6946986.083,1/16/2021,657973389,0.393561093
2021-01-17 00:00:00 UTC,0.761546639,18397626.8,1/17/2021,306141749,2021-01-17 00:00:00 UTC,2.06524143,8115162.362,1/17/2021,675333947.5,0.368744607
2021-01-18 00:00:00 UTC,0.806580233,28868929.74,1/18/2021,324245253.8,2021-01-18 00:00:00 UTC,2.127877441,6389510.388,1/18/2021,695815923.2,0.379053895
2021-01-19 00:00:00 UTC,0.798798999,15578227.09,1/19/2021,321117197.4,2021-01-19 00:00:00 UTC,2.248672323,19367896.13,1/19/2021,735315849.8,0.355231392
2021-01-20 00:00:00 UTC,0.907572148,73665038.5,1/20/2021,364844003.6,2021-01-20 00:00:00 UTC,2.158688783,9982330.583,1/20/2021,705891232,0.420427509
2021-01-21 00:00:00 UTC,0.905805392,30003941.4,1/21/2021,364133767.5,2021-01-21 00:00:00 UTC,2.280158943,33993859.4,1/21/2021,745611974.4,0.397255373
2021-01-22 00:00:00 UTC,0.795390513,27888409.68,1/22/2021,319746986.3,2021-01-22 00:00:00 UTC,3.211826383,170872927.8,1/22/2021,1050267227,0.247644305
2021-01-23 00:00:00 UTC,0.813144646,33668779.31,1/23/2021,326884147.6,2021-01-23 00:00:00 UTC,3.135462082,203071421.8,1/23/2021,1025296101,0.259338058
2021-01-24 00:00:00 UTC,0.897635629,26662253.7,1/24/2021,360849522.8,2021-01-24 00:00:00 UTC,2.81326866,49912438.39,1/24/2021,919938851.8,0.319072132
2021-01-25 00:00:00 UTC,0.905033363,30215313.24,1/25/2021,363823411.9,2021-01-25 00:00:00 UTC,2.78562964,37803309.42,1/25/2021,910900892.3,0.324893643
2021-01-26 00:00:00 UTC,0.871544386,28979137.87,1/26/2021,350360843.3,2021-01-26 00:00:00 UTC,3.15602124,93407020.25,1/26/2021,1032018946,0.27615289
2021-01-27 00:00:00 UTC,1.251330499,318222119.7,1/27/2021,503034860.8,2021-01-27 00:00:00 UTC,3.107554778,77975825.08,1/27/2021,1016170412,0.402673674
2021-01-28 00:00:00 UTC,1.123906471,141224100,1/28/2021,451810401.4,2021-01-28 00:00:00 UTC,2.952529838,31904476.3,1/28/2021,965477257.2,0.380658802
2021-01-29 00:00:00 UTC,1.453407482,310857704.9,1/29/2021,584269807.9,2021-01-29 00:00:00 UTC,2.961143777,21433033.3,1/29/2021,968294015.2,0.49082638
2021-01-30 00:00:00 UTC,1.471654934,181954788.8,1/30/2021,591605283.5,2021-01-30 00:00:00 UTC,2.891013621,18895846.27,1/30/2021,945361454.1,0.509044621
2021-01-31 00:00:00 UTC,1.430647836,95011427.92,1/31/2021,575120430.2,2021-01-31 00:00:00 UTC,2.875131458,15204554.36,1/31/2021,940167986.8,0.497593886
2021-02-01 00:00:00 UTC,1.46501799,111715808.3,2/1/2021,588937232,2021-02-01 00:00:00 UTC,2.809014694,15093798.72,2/1/2021,918547805,0.52154159
2021-02-02 00:00:00 UTC,1.788472415,223927612.6,2/2/2021,718965910.8,2021-02-02 00:00:00 UTC,2.843561155,12216920.46,2/2/2021,929844497.7,0.628955144
2021-02-03 00:00:00 UTC,2.316992209,317687330.8,2/3/2021,931430868.1,2021-02-03 00:00:00 UTC,2.866222813,9577547.685,2/3/2021,937254859.8,0.80837826
2021-02-04 00:00:00 UTC,2.117742925,315201229.4,2/4/2021,851332655.8,2021-02-04 00:00:00 UTC,2.964360402,33720413.53,2/4/2021,969345851.6,0.7144013
2021-02-05 00:00:00 UTC,2.645128184,384791963,2/5/2021,1063341530,2021-02-05 00:00:00 UTC,2.955631114,17262425.25,2/5/2021,966491374.2,0.894945303
2021-02-06 00:00:00 UTC,2.881567472,212067371.5,2/6/2021,1158390124,2021-02-06 00:00:00 UTC,3.197513264,31482975.04,2/6/2021,1045586837,0.901190154
2021-02-07 00:00:00 UTC,2.682823113,144162561.1,2/7/2021,1078494891,2021-02-07 00:00:00 UTC,3.092777723,16384724.58,2/7/2021,1011338315,0.867447762
2021-02-08 00:00:00 UTC,3.049577457,250171218.2,2/8/2021,1225930138,2021-02-08 00:00:00 UTC,3.614364424,114638183.3,2/8/2021,1181897167,0.843738234
2021-02-09 00:00:00 UTC,5.757088414,1180412321,2/9/2021,2314349542,2021-02-09 00:00:00 UTC,3.548996373,41459625.09,2/9/2021,1160521814,1.622173654
2021-02-10 00:00:00 UTC,6.518806847,1459163022,2/10/2021,2620560353,2021-02-10 00:00:00 UTC,3.692309079,25703068.07,2/10/2021,1207385069,1.765509525
2021-02-11 00:00:00 UTC,6.096863893,622459308.3,2/11/2021,2450939285,2021-02-11 00:00:00 UTC,4.906452321,241374680.8,2/11/2021,1604409909,1.242621653
2021-02-12 00:00:00 UTC,5.519241318,393951283.9,2/12/2021,2218735010,2021-02-12 00:00:00 UTC,4.768003138,119068346.6,2/12/2021,1559137026,1.157558239
2021-02-13 00:00:00 UTC,5.708747714,328656700.9,2/13/2021,2294916581,2021-02-13 00:00:00 UTC,4.820910602,50541797.41,2/13/2021,1576437767,1.184163778
2021-02-14 00:00:00 UTC,5.590506417,222879731.7,2/14/2021,2247383580,2021-02-14 00:00:00 UTC,4.604054194,58289173.83,2/14/2021,1505525721,1.214257301
2021-02-15 00:00:00 UTC,5.669273005,262680242.5,2/15/2021,2279047748,2021-02-15 00:00:00 UTC,4.344041613,35058379.45,2/15/2021,1420501607,1.305068761
2021-02-16 00:00:00 UTC,5.432874502,261738066.9,2/16/2021,2184015550,2021-02-16 00:00:00 UTC,4.0749146,30897436.48,2/16/2021,1332497074,1.333248678
2021-02-17 00:00:00 UTC,6.507961808,455218267.5,2/17/2021,2616200647,2021-02-17 00:00:00 UTC,4.539170874,33550489.09,2/17/2021,1484308876,1.433733602
2021-02-18 00:00:00 UTC,7.328700064,620464884.7,2/18/2021,2946137426,2021-02-18 00:00:00 UTC,4.818169294,129572865.9,2/18/2021,1575541359,1.52105491
2021-02-19 00:00:00 UTC,6.703412352,340895501.2,2/19/2021,2694771766,2021-02-19 00:00:00 UTC,5.219708421,150714421,2/19/2021,1706844654,1.284250347
2021-02-20 00:00:00 UTC,6.34569989,268244801.2,2/20/2021,2550971356,2021-02-20 00:00:00 UTC,5.303373699,101900826.3,2/20/2021,1734203199,1.196540212
2021-02-21 00:00:00 UTC,5.984985918,241968838.1,2/21/2021,2405964339,2021-02-21 00:00:00 UTC,5.144131195,43776143.63,2/21/2021,1682130901,1.163459035
2021-02-22 00:00:00 UTC,6.155811476,196298655.9,2/22/2021,2474636213,2021-02-22 00:00:00 UTC,5.126654042,28597187.44,2/22/2021,1676415872,1.200746418
2021-02-23 00:00:00 UTC,7.043534262,991240153.2,2/23/2021,2831500773,2021-02-23 00:00:00 UTC,4.576802931,39932735.06,2/23/2021,1496614558,1.538963851
2021-02-24 00:00:00 UTC,6.685346217,720596544.8,2/24/2021,2687509179,2021-02-24 00:00:00 UTC,4.024599495,39340693.12,2/24/2021,1316044035,1.661120871
2021-02-25 00:00:00 UTC,6.710208343,423703909.6,2/25/2021,2697503754,2021-02-25 00:00:00 UTC,4.491784359,29774256.9,2/25/2021,1468813485,1.493884792
2021-02-26 00:00:00 UTC,5.978143477,299507633.6,2/26/2021,2403213678,2021-02-26 00:00:00 UTC,4.061953491,18087928.13,2/26/2021,1328258791,1.471740996
2021-02-27 00:00:00 UTC,5.884006256,222944742.4,2/27/2021,2365370515,2021-02-27 00:00:00 UTC,3.88099799,19879502.13,2/27/2021,1269086343,1.516106494
2021-02-28 00:00:00 UTC,5.967462599,161541708.8,2/28/2021,2398919965,2021-02-28 00:00:00 UTC,3.982767509,13968041.35,2/28/2021,1302364976,1.498320599
2021-03-01 00:00:00 UTC,5.35379807,193465411.6,3/1/2021,2152226824,2021-03-01 00:00:00 UTC,3.808125779,12918143.94,3/1/2021,1245257130,1.40588793
2021-03-02 00:00:00 UTC,6.741395925,327597758.3,3/2/2021,2710041162,2021-03-02 00:00:00 UTC,3.987750557,15656965.4,3/2/2021,1303994432,1.690525982
2021-03-03 00:00:00 UTC,6.517753315,238767203.3,3/3/2021,2620136833,2021-03-03 00:00:00 UTC,3.891807438,17639109.8,3/3/2021,1272621032,1.674736846
2021-03-04 00:00:00 UTC,7.247272048,569276190.9,3/4/2021,2913403363,2021-03-04 00:00:00 UTC,4.110575745,20385535.77,3/4/2021,1344158268,1.763079553
2021-03-05 00:00:00 UTC,7.529970013,535695455.9,3/5/2021,3027047945,2021-03-05 00:00:00 UTC,3.875815995,19664973.12,3/5/2021,1267391830,1.942808952
2021-03-06 00:00:00 UTC,8.513658355,634060285.7,3/6/2021,3422490659,2021-03-06 00:00:00 UTC,3.773579541,18959381.27,3/6/2021,1233960510,2.256122671
2021-03-07 00:00:00 UTC,8.279322723,415934378.6,3/7/2021,3328287735,2021-03-07 00:00:00 UTC,3.811199448,10899486.06,3/7/2021,1246262220,2.172366688
2021-03-08 00:00:00 UTC,8.266159056,236223743.3,3/8/2021,3322995941,2021-03-08 00:00:00 UTC,3.891683256,10794946.21,3/8/2021,1272580425,2.124057512
2021-03-09 00:00:00 UTC,9.615627181,493901259.1,3/9/2021,3865482127,2021-03-09 00:00:00 UTC,3.917416332,13775741.02,3/9/2021,1280995141,2.454583931
2021-03-10 00:00:00 UTC,11.74072106,1024046282,3/10/2021,4719769867,2021-03-10 00:00:00 UTC,3.985518147,19899170.32,3/10/2021,1303264434,2.945845591
2021-03-11 00:00:00 UTC,11.14810186,501406082.7,3/11/2021,4481536949,2021-03-11 00:00:00 UTC,4.163441946,37595062.08,3/11/2021,1361445516,2.677616742
2021-03-12 00:00:00 UTC,10.78355823,431955410,3/12/2021,4334990409,2021-03-12 00:00:00 UTC,3.995012318,22840577.97,3/12/2021,1306369028,2.699255314
2021-03-13 00:00:00 UTC,14.13549228,975314747.7,3/13/2021,5682467898,2021-03-13 00:00:00 UTC,3.777588171,17991240.32,3/13/2021,1235271332,3.741935764
2021-03-14 00:00:00 UTC,14.52989234,535203813.9,3/14/2021,5841016720,2021-03-14 00:00:00 UTC,3.986741937,22352870.84,3/14/2021,1303664613,3.644553013
2021-03-15 00:00:00 UTC,16.04824826,958229808.5,3/15/2021,6451395800,2021-03-15 00:00:00 UTC,3.87662069,14448876.69,3/15/2021,1267654966,4.139752001
2021-03-16 00:00:00 UTC,16.31728064,784413681.8,3/16/2021,6559546818,2021-03-16 00:00:00 UTC,3.684372776,16388270.85,3/16/2021,1204789898,4.428781134
2021-03-17 00:00:00 UTC,20.02430488,1789887453,3/17/2021,8049770562,2021-03-17 00:00:00 UTC,3.754088103,16608471.17,3/17/2021,1227586810,5.333999717
2021-03-18 00:00:00 UTC,18.58821594,1246224342,3/18/2021,7472462808,2021-03-18 00:00:00 UTC,3.974350507,22552939.18,3/18/2021,1299612616,4.677044943
2021-03-19 00:00:00 UTC,19.10986136,665302562.9,3/19/2021,7682164265,2021-03-19 00:00:00 UTC,4.067895719,44917201.27,3/19/2021,1330201900,4.697726461
2021-03-20 00:00:00 UTC,20.04863079,983323496.6,3/20/2021,8059549576,2021-03-20 00:00:00 UTC,4.095561594,16971049.39,3/20/2021,1339248641,4.895209199
2021-03-21 00:00:00 UTC,20.97142114,467516123.5,3/21/2021,8430511298,2021-03-21 00:00:00 UTC,3.985050668,15510556.81,3/21/2021,1303111568,5.262523086
2021-03-22 00:00:00 UTC,22.00422216,699675053.1,3/22/2021,8845697307,2021-03-22 00:00:00 UTC,3.898409949,13045970.68,3/22/2021,1274780053,5.644409502
2021-03-23 00:00:00 UTC,19.3963442,604472520.5,3/23/2021,7797330370,2021-03-23 00:00:00 UTC,3.94740341,33639716.26,3/23/2021,1290800915,4.913696976
2021-03-24 00:00:00 UTC,16.95219966,624585152.8,3/24/2021,6814784265,2021-03-24 00:00:00 UTC,3.802368416,20501606.33,3/24/2021,1243374472,4.458326444
2021-03-25 00:00:00 UTC,16.47289387,971285814.4,3/25/2021,6622103337,2021-03-25 00:00:00 UTC,3.545183793,19003232.52,3/25/2021,1159275100,4.646555674
2021-03-26 00:00:00 UTC,16.29132657,539635853.5,3/26/2021,6549113281,2021-03-26 00:00:00 UTC,3.264410712,22897319.8,3/26/2021,1067462303,4.990587278
2021-03-27 00:00:00 UTC,18.4953017,534211387.3,3/27/2021,7435111285,2021-03-27 00:00:00 UTC,3.621562616,16135467.26,3/27/2021,1184250976,5.10699487
2021-03-28 00:00:00 UTC,18.72316722,308768578.8,3/28/2021,7526713221,2021-03-28 00:00:00 UTC,3.551125904,11074657.34,3/28/2021,1161218171,5.272459419
2021-03-29 00:00:00 UTC,18.5391552,245280281.3,3/29/2021,7452740392,2021-03-29 00:00:00 UTC,3.565982506,14070182.96,3/29/2021,1166076279,5.198891237
2021-03-30 00:00:00 UTC,18.91047688,301553936.1,3/30/2021,7602011705,2021-03-30 00:00:00 UTC,4.40189448,43955611.11,3/30/2021,1439419495,4.295985959
2021-03-31 00:00:00 UTC,18.61497774,311622350.9,3/31/2021,7483221053,2021-03-31 00:00:00 UTC,4.331213619,75607317.9,3/31/2021,1416306854,4.297866459
2021-04-01 00:00:00 UTC,18.64449694,585865723.1,4/1/2021,7495087769,2021-04-01 00:00:00 UTC,4.637017874,52840920.56,4/1/2021,1516304845,4.02079471
2021-04-02 00:00:00 UTC,18.42099842,364915187.1,4/2/2021,7405241366,2021-04-02 00:00:00 UTC,4.565952331,20331393.79,4/2/2021,1493066412,4.034426355
2021-04-03 00:00:00 UTC,18.44201296,343753317.2,4/3/2021,7413689209,2021-04-03 00:00:00 UTC,4.457130842,15379848.75,4/3/2021,1457481785,4.137642267
2021-04-04 00:00:00 UTC,17.99144325,212183772.2,4/4/2021,7232560185,2021-04-04 00:00:00 UTC,4.297427168,14590353.45,4/4/2021,1405258684,4.186561528
2021-04-05 00:00:00 UTC,18.17649324,175424218.4,4/5/2021,7306950282,2021-04-05 00:00:00 UTC,4.411033886,12759305.17,4/5/2021,1442408081,4.120687737
2021-04-06 00:00:00 UTC,17.52145338,252348343.2,4/6/2021,7043624260,2021-04-06 00:00:00 UTC,4.614440583,17264475.23,4/6/2021,1508922071,3.797091557
2021-04-07 00:00:00 UTC,16.73306452,380851679.8,4/7/2021,6726691937,2021-04-07 00:00:00 UTC,4.578306631,16086602.63,4/7/2021,1497106268,3.654858853
2021-04-08 00:00:00 UTC,15.49032905,438478960.1,4/8/2021,6227112277,2021-04-08 00:00:00 UTC,4.246492439,16634704.53,4/8/2021,1388603028,3.647793861
2021-04-09 00:00:00 UTC,15.76244781,268741900.1,4/9/2021,6336504021,2021-04-09 00:00:00 UTC,4.448427267,11762680.36,4/9/2021,1454635716,3.543375414
2021-04-10 00:00:00 UTC,15.66464105,377527713.2,4/10/2021,6297185703,2021-04-10 00:00:00 UTC,4.368195174,13198744.54,4/10/2021,1428399822,3.586067111
2021-04-11 00:00:00 UTC,15.48231976,281737999.2,4/11/2021,6223892545,2021-04-11 00:00:00 UTC,4.375454182,14832419.33,4/11/2021,1430773517,3.538448608
2021-04-12 00:00:00 UTC,15.12331015,184678994.5,4/12/2021,6079570681,2021-04-12 00:00:00 UTC,4.671342495,23517631.23,4/12/2021,1527528996,3.237465497
2021-04-13 00:00:00 UTC,14.64868853,262730827.1,4/13/2021,5888772787,2021-04-13 00:00:00 UTC,4.812722881,26959389.61,4/13/2021,1573760382,3.043742366
2021-04-14 00:00:00 UTC,15.65432917,505404583.1,4/14/2021,6293040328,2021-04-14 00:00:00 UTC,4.600006623,34259103,4/14/2021,1504202166,3.403110137
2021-04-15 00:00:00 UTC,15.22708003,410163131.6,4/15/2021,6121286174,2021-04-15 00:00:00 UTC,4.374774107,35132676.57,4/15/2021,1430551133,3.480655151
2021-04-16 00:00:00 UTC,16.81710294,430337432.2,4/16/2021,6760475380,2021-04-16 00:00:00 UTC,4.496994281,22669995.58,4/16/2021,1470517130,3.739631827
2021-04-17 00:00:00 UTC,15.80781303,454743163.2,4/17/2021,6354740839,2021-04-17 00:00:00 UTC,4.363938002,18750578.92,4/17/2021,1427007727,3.622373421
2021-04-18 00:00:00 UTC,15.2148284,339917923.8,4/18/2021,6116361018,2021-04-18 00:00:00 UTC,4.506736086,34481976.84,4/18/2021,1473702700,3.376019387
2021-04-19 00:00:00 UTC,13.41323565,649253575.5,4/19/2021,5392120733,2021-04-19 00:00:00 UTC,4.037875456,24365077.37,4/19/2021,1320385274,3.321854722
2021-04-20 00:00:00 UTC,13.91817962,753190649.1,4/20/2021,5595108207,2021-04-20 00:00:00 UTC,4.123837806,25442128.75,4/20/2021,1348494963,3.375055052
2021-04-21 00:00:00 UTC,13.43414651,437981358.9,4/21/2021,5400526898,2021-04-21 00:00:00 UTC,5.861877061,292937817,4/21/2021,1916833799,2.291782371
2021-04-22 00:00:00 UTC,13.28985122,434515370.4,4/22/2021,5342520190,2021-04-22 00:00:00 UTC,5.889078264,398544844.5,4/22/2021,1925728592,2.256694617
2021-04-23 00:00:00 UTC,13.6995831,721163761.7,4/23/2021,5507232407,2021-04-23 00:00:00 UTC,5.113351969,101300645.9,4/23/2021,1672066094,2.679178586
2021-04-24 00:00:00 UTC,14.0372198,674451984.4,4/24/2021,5642962361,2021-04-24 00:00:00 UTC,4.805930223,62762075.67,4/24/2021,1571539183,2.920812236
2021-04-25 00:00:00 UTC,15.69622474,657650128.1,4/25/2021,6309882345,2021-04-25 00:00:00 UTC,6.10149603,186271066.6,4/25/2021,1995189202,2.572520684
2021-04-26 00:00:00 UTC,17.67801576,989083578.5,4/26/2021,7106562335,2021-04-26 00:00:00 UTC,5.607265021,135548447.3,4/26/2021,1833575662,3.152698453
2021-04-27 00:00:00 UTC,17.63071388,547008001.2,4/27/2021,7087546982,2021-04-27 00:00:00 UTC,5.734113472,86344081.08,4/27/2021,1875055105,3.074706137
2021-04-28 00:00:00 UTC,17.68934741,695123737.3,4/28/2021,7111117660,2021-04-28 00:00:00 UTC,5.543530412,59767080.01,4/28/2021,1812734445,3.190989513
2021-04-29 00:00:00 UTC,16.83338627,464866861.9,4/29/2021,6767021279,2021-04-29 00:00:00 UTC,5.256472767,54783437.55,4/29/2021,1718866595,3.202411011
2021-04-30 00:00:00 UTC,16.2741362,342330993,4/30/2021,6542202752,2021-04-30 00:00:00 UTC,5.152225785,38285067.78,4/30/2021,1684777832,3.158661301
2021-05-01 00:00:00 UTC,16.68158375,303395681.5,5/1/2021,6705996666,2021-05-01 00:00:00 UTC,5.403694212,42789611.63,5/1/2021,1767008007,3.08707027
2021-05-02 00:00:00 UTC,16.51113751,193407838.5,5/2/2021,6637477279,2021-05-02 00:00:00 UTC,5.335039888,30716055.15,5/2/2021,1744558043,3.094847997
2021-05-03 00:00:00 UTC,17.16873302,336745179.4,5/3/2021,6901830673,2021-05-03 00:00:00 UTC,5.62300416,82439572.48,5/3/2021,1838722360,3.053302564
2021-05-04 00:00:00 UTC,17.20448525,718984783.6,5/4/2021,6916203070,2021-05-04 00:00:00 UTC,5.493642978,46161749.95,5/4/2021,1796421254,3.131707925
2021-05-05 00:00:00 UTC,16.2372516,571386703.7,5/5/2021,6527375144,2021-05-05 00:00:00 UTC,5.01652611,41749834.23,5/5/2021,1640404038,3.236752136
2021-05-06 00:00:00 UTC,17.0323537,455826021.3,5/6/2021,6847006189,2021-05-06 00:00:00 UTC,5.221431534,39456121.16,5/6/2021,1707408112,3.262008434
2021-05-07 00:00:00 UTC,16.74735567,448238112.2,5/7/2021,6732436980,2021-05-07 00:00:00 UTC,5.418250712,56900898.69,5/7/2021,1771767983,3.090915604
2021-05-08 00:00:00 UTC,16.63978611,287121759.9,5/8/2021,6689194017,2021-05-08 00:00:00 UTC,5.412967458,47186975.19,5/8/2021,1770040359,3.074059883
2021-05-09 00:00:00 UTC,16.98413657,287311024.5,5/9/2021,6827622900,2021-05-09 00:00:00 UTC,5.361673984,44453538.53,5/9/2021,1753267393,3.167692892
2021-05-10 00:00:00 UTC,16.99904551,313438154.9,5/10/2021,6833616297,2021-05-10 00:00:00 UTC,5.248530196,23219575.86,5/10/2021,1716269374,3.238820179
2021-05-11 00:00:00 UTC,15.96000358,581398314.2,5/11/2021,6415921440,2021-05-11 00:00:00 UTC,4.911943465,27868304.67,5/11/2021,1606205513,3.249223794
2021-05-12 00:00:00 UTC,16.33247176,362372936.5,5/12/2021,6565653646,2021-05-12 00:00:00 UTC,5.220633691,60351836.03,5/12/2021,1707147217,3.128446224
2021-05-13 00:00:00 UTC,14.81737699,657491281.9,5/13/2021,5956585551,2021-05-13 00:00:00 UTC,4.572873982,43249708.99,5/13/2021,1495329792,3.240276694
2021-05-14 00:00:00 UTC,15.86020369,866756257.2,5/14/2021,6375801885,2021-05-14 00:00:00 UTC,4.349991038,42044952.21,5/14/2021,1422447069,3.646031348
2021-05-15 00:00:00 UTC,16.42652552,345077193.4,5/15/2021,6603463258,2021-05-15 00:00:00 UTC,5.050043293,30482936.26,5/15/2021,1651364157,3.252749445
2021-05-16 00:00:00 UTC,15.15893041,355178438,5/16/2021,6093890025,2021-05-16 00:00:00 UTC,4.494592473,24489483.54,5/16/2021,1469731739,3.372704089
2021-05-17 00:00:00 UTC,16.28731073,612780140.9,5/17/2021,6547498913,2021-05-17 00:00:00 UTC,4.620056221,34768666.66,5/17/2021,1510758384,3.525349033
2021-05-18 00:00:00 UTC,14.88758885,442404156.8,5/18/2021,5984810719,2021-05-18 00:00:00 UTC,6.326509607,481699883.5,5/18/2021,2068768642,2.353207341
2021-05-19 00:00:00 UTC,15.77339818,426058563.4,5/19/2021,6340906069,2021-05-19 00:00:00 UTC,5.440220453,237624504.4,5/19/2021,1778952088,2.899404228
2021-05-20 00:00:00 UTC,9.737545508,855296423.2,5/20/2021,3914493294,2021-05-20 00:00:00 UTC,4.034278038,83812967.56,5/20/2021,1319208919,2.413702134
2021-05-21 00:00:00 UTC,10.28832754,716218850.3,5/21/2021,4135907671,2021-05-21 00:00:00 UTC,4.168585353,59717144.63,5/21/2021,1363127410,2.468062105
2021-05-22 00:00:00 UTC,8.139712844,534200275.7,5/22/2021,3272164563,2021-05-22 00:00:00 UTC,3.143371991,58325973.4,5/22/2021,1027882641,2.589484435
2021-05-23 00:00:00 UTC,6.596029138,427325651.8,5/23/2021,2651603714,2021-05-23 00:00:00 UTC,3.05501929,36437745.59,5/23/2021,998991308,2.159079375
2021-05-24 00:00:00 UTC,4.17988862,612382447.1,5/24/2021,1680315225,2021-05-24 00:00:00 UTC,2.649537522,28675844.74,5/24/2021,866398769.7,1.577591782
2021-05-25 00:00:00 UTC,6.588259566,1277607271,5/25/2021,2648480345,2021-05-25 00:00:00 UTC,3.067504229,40411527.93,5/25/2021,1003073883,2.147758919
2021-05-26 00:00:00 UTC,6.616928413,579088226.4,5/26/2021,2660005222,2021-05-26 00:00:00 UTC,3.533834654,79013897.98,5/26/2021,1155563932,1.872449919
2021-05-27 00:00:00 UTC,7.366127755,809481947.7,5/27/2021,2961183358,2021-05-27 00:00:00 UTC,3.806643185,38655601.03,5/27/2021,1244772321,1.935071767
2021-05-28 00:00:00 UTC,6.704971609,449438907.3,5/28/2021,2695398587,2021-05-28 00:00:00 UTC,3.601676014,19189670.48,5/28/2021,1177748057,1.861625416
2021-05-29 00:00:00 UTC,5.917321331,468309678,5/29/2021,2378763175,2021-05-29 00:00:00 UTC,3.404922397,20285964.84,5/29/2021,1113409624,1.737872598
2021-05-30 00:00:00 UTC,5.488429108,245883236.2,5/30/2021,2206348501,2021-05-30 00:00:00 UTC,3.45060935,26619333.74,5/30/2021,1128349258,1.590568086
2021-05-31 00:00:00 UTC,6.21239349,331200481.8,5/31/2021,2497382183,2021-05-31 00:00:00 UTC,3.400226558,19097974.99,5/31/2021,1111874084,1.827052811
2021-06-01 00:00:00 UTC,6.554623729,386365594.4,6/1/2021,2634958739,2021-06-01 00:00:00 UTC,3.491444793,13995378.39,6/1/2021,1141702447,1.8773385
2021-06-02 00:00:00 UTC,6.266270317,231074208,6/2/2021,2519040667,2021-06-02 00:00:00 UTC,3.415652768,17915265.09,6/2/2021,1116918455,1.834574748
2021-06-03 00:00:00 UTC,6.912255705,276250381.8,6/3/2021,2778726793,2021-06-03 00:00:00 UTC,3.480693023,20562587.39,6/3/2021,1138186619,1.985884897
2021-06-04 00:00:00 UTC,7.667427541,432843015.4,6/4/2021,3082305872,2021-06-04 00:00:00 UTC,3.49520058,14151352.97,6/4/2021,1142930590,2.193701725
2021-06-05 00:00:00 UTC,6.412241722,554368867,6/5/2021,2577721172,2021-06-05 00:00:00 UTC,3.313779902,18480138.47,6/5/2021,1083606028,1.935023421
2021-06-06 00:00:00 UTC,6.048874137,307345060.7,6/6/2021,2431647403,2021-06-06 00:00:00 UTC,3.212926906,16317170.22,6/6/2021,1050627098,1.882667833
2021-06-07 00:00:00 UTC,6.236997443,144395579.3,6/7/2021,2507272972,2021-06-07 00:00:00 UTC,3.230241626,11086824.71,6/7/2021,1056289012,1.930814523
2021-06-08 00:00:00 UTC,5.533924294,244026854.8,6/8/2021,2224637566,2021-06-08 00:00:00 UTC,2.843392962,13277670.39,6/8/2021,929789498.7,1.94623971
2021-06-09 00:00:00 UTC,5.623572454,272425596.8,6/9/2021,2260676126,2021-06-09 00:00:00 UTC,2.940673097,35788067.31,6/9/2021,961600102.8,1.912341926
2021-06-10 00:00:00 UTC,5.99481801,237595535.6,6/10/2021,2409916840,2021-06-10 00:00:00 UTC,3.02735022,31995248.32,6/10/2021,989943521.8,1.980219523
2021-06-11 00:00:00 UTC,6.049635305,288011299.1,6/11/2021,2431953393,2021-06-11 00:00:00 UTC,2.810013844,19459077.64,6/11/2021,918874526.8,2.15288452
2021-06-12 00:00:00 UTC,5.519639199,184844971.1,6/12/2021,2218894958,2021-06-12 00:00:00 UTC,2.604655173,25893586.83,6/12/2021,851722241.6,2.11914393
2021-06-13 00:00:00 UTC,5.49009741,168348762.5,6/13/2021,2207019159,2021-06-13 00:00:00 UTC,2.49687539,20671002.11,6/13/2021,816478252.6,2.198787105
2021-06-14 00:00:00 UTC,6.075400507,124654095.1,6/14/2021,2442311004,2021-06-14 00:00:00 UTC,2.59384301,20010423.62,6/14/2021,848186664.3,2.342239096
2021-06-15 00:00:00 UTC,6.207921619,157329792.6,6/15/2021,2495584491,2021-06-15 00:00:00 UTC,2.531987931,35288382.81,6/15/2021,827960053.4,2.451797476
2021-06-16 00:00:00 UTC,6.668991134,240289522.5,6/16/2021,2680934436,2021-06-16 00:00:00 UTC,2.559949972,18322951.04,6/16/2021,837103641,2.605125572
2021-06-17 00:00:00 UTC,6.158882197,157722595.4,6/17/2021,2475870643,2021-06-17 00:00:00 UTC,2.339544766,12525483.93,6/17/2021,765031138.4,2.63251308
2021-06-18 00:00:00 UTC,6.163854713,104089214.7,6/18/2021,2477869595,2021-06-18 00:00:00 UTC,2.589263682,25232340.69,6/18/2021,846689224,2.380543456
2021-06-19 00:00:00 UTC,5.923826772,180634376.7,6/19/2021,2381378362,2021-06-19 00:00:00 UTC,2.435845052,44463692.98,6/19/2021,796521331.9,2.431939079
2021-06-20 00:00:00 UTC,5.752889069,83586897.32,6/20/2021,2312661406,2021-06-20 00:00:00 UTC,2.389243196,11695244.67,6/20/2021,781282525,2.407829006
2021-06-21 00:00:00 UTC,5.867509091,94534560.1,6/21/2021,2358738655,2021-06-21 00:00:00 UTC,2.326274591,16644126.97,6/21/2021,760691791.3,2.522277084
2021-06-22 00:00:00 UTC,4.842322378,164145346.6,6/22/2021,1946613596,2021-06-22 00:00:00 UTC,1.919861977,21396466.65,6/22/2021,627794866.5,2.52222422
2021-06-23 00:00:00 UTC,4.667509643,227999793.3,6/23/2021,1876338876,2021-06-23 00:00:00 UTC,2.302205069,67541252.99,6/23/2021,752821057.6,2.02740829
2021-06-24 00:00:00 UTC,5.197776725,207372059.5,6/24/2021,2089506243,2021-06-24 00:00:00 UTC,2.267486102,40176882.88,6/24/2021,741467955.3,2.292308085
2021-06-25 00:00:00 UTC,5.433920244,126930605.8,6/25/2021,2184435938,2021-06-25 00:00:00 UTC,2.602109173,38817491.74,6/25/2021,850889699.4,2.088275273
2021-06-26 00:00:00 UTC,5.158709724,122239205.2,6/26/2021,2073801309,2021-06-26 00:00:00 UTC,3.035740269,146301404.5,6/26/2021,992687067.9,1.699325129
2021-06-27 00:00:00 UTC,5.190592493,85929225.31,6/27/2021,2086618182,2021-06-27 00:00:00 UTC,4.315866743,387384522,6/27/2021,1411288425,1.202676728
2021-06-28 00:00:00 UTC,5.41729166,55572278.97,6/28/2021,2177751247,2021-06-28 00:00:00 UTC,3.472732936,176744576.3,6/28/2021,1135583670,1.559950552
2021-06-29 00:00:00 UTC,5.542342683,97084412.02,6/29/2021,2228021759,2021-06-29 00:00:00 UTC,3.410635006,110899493,6/29/2021,1115277647,1.625017826
2021-06-30 00:00:00 UTC,6.010092413,156786018.1,6/30/2021,2416057150,2021-06-30 00:00:00 UTC,3.263572592,48303866.05,6/30/2021,1067188238,1.841568479
2021-07-01 00:00:00 UTC,6.544528061,197537313.1,7/1/2021,2630900281,2021-07-01 00:00:00 UTC,3.091273515,38870674.21,7/1/2021,1010846439,2.117097704
2021-07-02 00:00:00 UTC,5.92575449,142549434.9,7/2/2021,2382153305,2021-07-02 00:00:00 UTC,3.41149094,68173995.19,7/2/2021,1115557537,1.736998454
2021-07-03 00:00:00 UTC,5.740214708,91010759.36,7/3/2021,2307566312,2021-07-03 00:00:00 UTC,3.441011384,125520300.3,7/3/2021,1125210722,1.668176611
2021-07-04 00:00:00 UTC,5.812122037,61225580.07,7/4/2021,2336473059,2021-07-04 00:00:00 UTC,3.419156658,55288265.44,7/4/2021,1118064227,1.699870061
2021-07-05 00:00:00 UTC,5.965891585,96238883.7,7/5/2021,2398288417,2021-07-05 00:00:00 UTC,3.42267982,33034996.45,7/5/2021,1119216301,1.743046939
2021-07-06 00:00:00 UTC,6.149846972,113615885.9,7/6/2021,2472238483,2021-07-06 00:00:00 UTC,3.097954667,25833978.63,7/6/2021,1013031176,1.985131363
2021-07-07 00:00:00 UTC,6.480603675,200970436.8,7/7/2021,2605202677,2021-07-07 00:00:00 UTC,3.071120137,26991338.07,7/7/2021,1004256285,2.110175892
2021-07-08 00:00:00 UTC,7.124870484,376457390.2,7/8/2021,2864197934,2021-07-08 00:00:00 UTC,3.096693142,25812165.95,7/8/2021,1012618657,2.300799646
2021-07-09 00:00:00 UTC,6.714986654,252754155.6,7/9/2021,2699424635,2021-07-09 00:00:00 UTC,2.927894153,26368984.76,7/9/2021,957421387.9,2.293452667
2021-07-10 00:00:00 UTC,8.17037969,466777476.7,7/10/2021,3284492635,2021-07-10 00:00:00 UTC,2.994500245,17277370.47,7/10/2021,979201580.2,2.728461854
2021-07-11 00:00:00 UTC,7.941885193,317618274,7/11/2021,3192637847,2021-07-11 00:00:00 UTC,2.919335938,30590727.16,7/11/2021,954622851.8,2.720442375
2021-07-12 00:00:00 UTC,8.427338584,303061098.9,7/12/2021,3387790111,2021-07-12 00:00:00 UTC,2.890844322,12956962.82,7/12/2021,945306093.3,2.915182433
2021-07-13 00:00:00 UTC,7.944688768,215943949.9,7/13/2021,3193764885,2021-07-13 00:00:00 UTC,2.917760789,31183160.13,7/13/2021,954107778,2.722871867
2021-07-14 00:00:00 UTC,7.096925023,182789211,7/14/2021,2852963859,2021-07-14 00:00:00 UTC,2.735514194,12853996.15,7/14/2021,894513141.3,2.594366002
2021-07-15 00:00:00 UTC,6.937528687,323754442.2,7/15/2021,2788886532,2021-07-15 00:00:00 UTC,2.718183884,16069055.92,7/15/2021,888846130,2.552266139
2021-07-16 00:00:00 UTC,6.605979491,172526526.4,7/16/2021,2655603755,2021-07-16 00:00:00 UTC,2.527392504,9311554.952,7/16/2021,826457348.8,2.613752902
2021-07-17 00:00:00 UTC,6.54791713,197455874.3,7/17/2021,2632262686,2021-07-17 00:00:00 UTC,2.355429485,8059895.579,7/17/2021,770225441.6,2.779924923
2021-07-18 00:00:00 UTC,6.493154217,143832754.3,7/18/2021,2610247995,2021-07-18 00:00:00 UTC,2.299186372,13508932.61,7/18/2021,751833943.6,2.824109562
2021-07-19 00:00:00 UTC,6.611536624,107905153.5,7/19/2021,2657837723,2021-07-19 00:00:00 UTC,2.329908888,8248410.954,7/19/2021,761880206.5,2.837680331
2021-07-20 00:00:00 UTC,6.043256087,106024785.3,7/20/2021,2429388947,2021-07-20 00:00:00 UTC,2.219337963,10168950.91,7/20/2021,725723514,2.722999465
2021-07-21 00:00:00 UTC,5.903648593,127183168.5,7/21/2021,2373266735,2021-07-21 00:00:00 UTC,2.380029834,33650224.53,7/21/2021,778269755.8,2.480493525
2021-07-22 00:00:00 UTC,6.665604533,194493638.8,7/22/2021,2679573022,2021-07-22 00:00:00 UTC,2.360517061,34250821.44,7/22/2021,771889078.8,2.823790026
2021-07-23 00:00:00 UTC,7.369026806,236914173,7/23/2021,2962348776,2021-07-23 00:00:00 UTC,2.417668003,22768437.25,7/23/2021,790577436.8,3.047989549
2021-07-24 00:00:00 UTC,7.758516164,278623116.5,7/24/2021,3118923498,2021-07-24 00:00:00 UTC,2.399762553,13947629.19,7/24/2021,784722354.7,3.233034933
2021-07-25 00:00:00 UTC,8.438053055,335147600.5,7/25/2021,3392097328,2021-07-25 00:00:00 UTC,2.436570791,16316308.08,7/25/2021,796758648.7,3.463085532
2021-07-26 00:00:00 UTC,8.267398459,269547387.1,7/26/2021,3323494180,2021-07-26 00:00:00 UTC,2.56824167,27013038.36,7/26/2021,839815026,3.21908898
2021-07-27 00:00:00 UTC,8.493437921,517789048.8,7/27/2021,3414362044,2021-07-27 00:00:00 UTC,2.523198691,25562541.71,7/27/2021,825085971.9,3.36613916
2021-07-28 00:00:00 UTC,9.453959948,445383211.7,7/28/2021,3800491899,2021-07-28 00:00:00 UTC,2.66897096,16757485.33,7/28/2021,872753503.8,3.542174152
2021-07-29 00:00:00 UTC,11.04718327,579312457.1,7/29/2021,4440967673,2021-07-29 00:00:00 UTC,2.620986365,14592880.64,7/29/2021,857062541.3,4.214895361
2021-07-30 00:00:00 UTC,11.06050474,533003302.5,7/30/2021,4446322907,2021-07-30 00:00:00 UTC,2.729664417,15482600.08,7/30/2021,892600264.3,4.051965022
2021-07-31 00:00:00 UTC,10.85745771,426563348,7/31/2021,4364697998,2021-07-31 00:00:00 UTC,2.724056142,9592085.076,7/31/2021,890766358.4,3.985768701
2021-08-01 00:00:00 UTC,10.85642355,323793490.9,8/1/2021,4364282269,2021-08-01 00:00:00 UTC,2.75011299,8126443.909,8/1/2021,899286947.8,3.947628185
2021-08-02 00:00:00 UTC,11.81942584,462410103.4,8/2/2021,4751409188,2021-08-02 00:00:00 UTC,2.611550659,9721016.317,8/2/2021,853977065.5,4.525826753
2021-08-03 00:00:00 UTC,12.42008871,427062989.3,8/3/2021,4992875662,2021-08-03 00:00:00 UTC,2.645956042,15536586.14,8/3/2021,865227625.7,4.693989058
2021-08-04 00:00:00 UTC,14.580952,927862415.8,8/4/2021,5861542703,2021-08-04 00:00:00 UTC,2.807559262,33825849.57,8/4/2021,918071878.7,5.193461879
2021-08-05 00:00:00 UTC,14.55043997,782392049.4,8/5/2021,5849276867,2021-08-05 00:00:00 UTC,2.804100075,39410868.9,8/5/2021,916940724.6,5.188987404
2021-08-06 00:00:00 UTC,14.56038583,518467619.6,8/6/2021,5853275104,2021-08-06 00:00:00 UTC,2.829594962,18179648.92,8/6/2021,925277552.6,5.145749136
2021-08-07 00:00:00 UTC,14.52756648,428205066.8,8/7/2021,5840081725,2021-08-07 00:00:00 UTC,2.952840819,65444992.66,8/7/2021,965578947.8,4.919861032
2021-08-08 00:00:00 UTC,14.61266186,471712422.3,8/8/2021,5874290068,2021-08-08 00:00:00 UTC,2.937098798,22645685.64,8/8/2021,960431307.1,4.975202697
2021-08-09 00:00:00 UTC,13.46523693,354779054,8/9/2021,5413025246,2021-08-09 00:00:00 UTC,2.82217368,28817787.74,8/9/2021,922850793.4,4.771229009
2021-08-10 00:00:00 UTC,13.95752864,409902346.1,8/10/2021,5610926514,2021-08-10 00:00:00 UTC,3.102488507,33764295.52,8/10/2021,1014513742,4.498817194
2021-08-11 00:00:00 UTC,16.68162815,639955269.6,8/11/2021,6706014515,2021-08-11 00:00:00 UTC,2.994098628,23586172.27,8/11/2021,979070251.5,5.571502553
2021-08-12 00:00:00 UTC,17.11575757,560652829.9,8/12/2021,6880534543,2021-08-12 00:00:00 UTC,2.989626776,24272538.68,8/12/2021,977607955.9,5.725048259
2021-08-13 00:00:00 UTC,16.59788903,419393289,8/13/2021,6672351391,2021-08-13 00:00:00 UTC,3.051053018,20840826.85,8/13/2021,997694337,5.440052642
2021-08-14 00:00:00 UTC,17.74216994,302096401.1,8/14/2021,7132352314,2021-08-14 00:00:00 UTC,3.149712424,27505376.65,8/14/2021,1029955963,5.632949156
2021-08-15 00:00:00 UTC,17.34829875,257778817.2,8/15/2021,6974016097,2021-08-15 00:00:00 UTC,3.102285425,18884680.91,8/15/2021,1014447334,5.592102716
2021-08-16 00:00:00 UTC,19.25789843,440578548.5,8/16/2021,7741675171,2021-08-16 00:00:00 UTC,3.124308855,18115520.7,8/16/2021,1021648996,6.163890743
2021-08-17 00:00:00 UTC,22.09653596,1436255486,8/17/2021,8882807455,2021-08-17 00:00:00 UTC,3.108684151,22010310.52,8/17/2021,1016539717,7.1080029
2021-08-18 00:00:00 UTC,25.16389618,1952089523,8/18/2021,10115886264,2021-08-18 00:00:00 UTC,2.938031431,23892673.62,8/18/2021,960736278,8.564883246
2021-08-19 00:00:00 UTC,31.10765099,2517063392,8/19/2021,12505275700,2021-08-19 00:00:00 UTC,2.93665603,19018474.66,8/19/2021,960286521.7,10.59288206
2021-08-20 00:00:00 UTC,29.60249821,2336069771,8/20/2021,11900204282,2021-08-20 00:00:00 UTC,3.106389286,22924665.24,8/20/2021,1015789297,9.529551993
2021-08-21 00:00:00 UTC,30.44913696,1193188612,8/21/2021,12240553060,2021-08-21 00:00:00 UTC,3.152109319,22092465,8/21/2021,1030739747,9.659924158
2021-08-22 00:00:00 UTC,27.59179767,784423561.6,8/22/2021,11091902663,2021-08-22 00:00:00 UTC,3.079700232,23195622.78,8/22/2021,1007061976,8.959247846
2021-08-23 00:00:00 UTC,27.66100422,704316162.8,8/23/2021,11119723698,2021-08-23 00:00:00 UTC,3.218302894,40584328.13,8/23/2021,1052385046,8.594903939
2021-08-24 00:00:00 UTC,29.69620908,1042029566,8/24/2021,11937876050,2021-08-24 00:00:00 UTC,3.136109433,27826032.7,8/24/2021,1025507785,9.469123994
2021-08-25 00:00:00 UTC,29.87613849,2337161954,8/25/2021,12010207673,2021-08-25 00:00:00 UTC,3.05059687,24816199.22,8/25/2021,997545176.5,9.793538695
2021-08-26 00:00:00 UTC,30.17776009,1083259976,8/26/2021,12131459558,2021-08-26 00:00:00 UTC,3.093423142,17507616.88,8/26/2021,1011549368,9.755458178
2021-08-27 00:00:00 UTC,27.35725986,1007015259,8/27/2021,10997618465,2021-08-27 00:00:00 UTC,3.527644419,102941118.2,8/27/2021,1153539725,7.755106981
2021-08-28 00:00:00 UTC,32.63522744,1576911034,8/28/2021,13119361431,2021-08-28 00:00:00 UTC,4.166594587,232853973.1,8/28/2021,1362476430,7.832590083
2021-08-29 00:00:00 UTC,34.92262028,1627462877,8/29/2021,14038893352,2021-08-29 00:00:00 UTC,4.594257217,209851634.7,8/29/2021,1502322110,7.601363753
2021-08-30 00:00:00 UTC,33.38293513,1207491215,8/30/2021,13419939924,2021-08-30 00:00:00 UTC,4.292587464,51189382.4,8/30/2021,1403676101,7.776879425
2021-08-31 00:00:00 UTC,33.36267876,1447796649,8/31/2021,13411796863,2021-08-31 00:00:00 UTC,7.243084798,1341800374,8/31/2021,2368488729,4.60614223
2021-09-01 00:00:00 UTC,31.72712022,1043928986,9/1/2021,12754302329,2021-09-01 00:00:00 UTC,5.711032238,667045059.9,9/1/2021,1867507542,5.555409057
2021-09-02 00:00:00 UTC,31.57324946,858076778.5,9/2/2021,12692446284,2021-09-02 00:00:00 UTC,5.793871203,403825002.6,9/2/2021,1894595883,5.449422045
2021-09-03 00:00:00 UTC,32.98740334,831216439.7,9/3/2021,13260936143,2021-09-03 00:00:00 UTC,5.617167341,153398124.6,9/3/2021,1836813721,5.872604702
2021-09-04 00:00:00 UTC,31.6712627,776656579.9,9/4/2021,12731847604,2021-09-04 00:00:00 UTC,5.316130652,94033507.05,9/4/2021,1738374723,5.95757794
2021-09-05 00:00:00 UTC,31.41029385,446253605,9/5/2021,12626938127,2021-09-05 00:00:00 UTC,5.15309533,77052639.34,9/5/2021,1685062173,6.095422622
2021-09-06 00:00:00 UTC,34.43087537,825773997.5,9/6/2021,13841211899,2021-09-06 00:00:00 UTC,5.459353001,210746875.1,9/6/2021,1785208431,6.306768469
2021-09-07 00:00:00 UTC,32.43198471,880348086.4,9/7/2021,13037657854,2021-09-07 00:00:00 UTC,5.170598462,124133159.1,9/7/2021,1690785697,6.272385092
2021-09-08 00:00:00 UTC,27.88578137,1581714094,9/8/2021,11210084109,2021-09-08 00:00:00 UTC,4.12968246,192453371.3,9/8/2021,1350406164,6.75252435
2021-09-09 00:00:00 UTC,29.38731892,1677529875,9/9/2021,11813702205,2021-09-09 00:00:00 UTC,4.264336354,169802875.8,9/9/2021,1394437988,6.891416736
2021-09-10 00:00:00 UTC,30.46046232,1033903324,9/10/2021,12245105854,2021-09-10 00:00:00 UTC,5.255390653,341426331.5,9/10/2021,1718512743,5.796041499
2021-09-11 00:00:00 UTC,43.36490316,4540657544,9/11/2021,17432691072,2021-09-11 00:00:00 UTC,5.046352296,445678944.5,9/11/2021,1650157201,8.593316641
2021-09-12 00:00:00 UTC,39.01940663,2318587957,9/12/2021,15685801464,2021-09-12 00:00:00 UTC,5.007189522,154353816.9,9/12/2021,1637350974,7.792676203
2021-09-13 00:00:00 UTC,39.43532687,1611209204,9/13/2021,15853001403,2021-09-13 00:00:00 UTC,4.967009238,93322614.49,9/13/2021,1624212021,7.939451082
2021-09-14 00:00:00 UTC,37.29070494,1457165766,9/14/2021,14990863386,2021-09-14 00:00:00 UTC,5.205368844,182063269.8,9/14/2021,1702155612,7.163892907
2021-09-15 00:00:00 UTC,35.51991332,935119080.2,9/15/2021,14279005156,2021-09-15 00:00:00 UTC,5.029903797,150864027.9,9/15/2021,1644778542,7.061748048
2021-09-16 00:00:00 UTC,36.4709119,810305175.7,9/16/2021,14661306583,2021-09-16 00:00:00 UTC,5.028256079,102058710.6,9/16/2021,1644239738,7.253193021
2021-09-17 00:00:00 UTC,37.51400498,1334036438,9/17/2021,15080630004,2021-09-17 00:00:00 UTC,5.348872509,127799554.6,9/17/2021,1749081311,7.013441602
2021-09-18 00:00:00 UTC,34.33428508,993642922.9,9/18/2021,13802382604,2021-09-18 00:00:00 UTC,5.10299995,81197203.27,9/18/2021,1668680984,6.72825503
2021-09-19 00:00:00 UTC,34.66318606,641903133.2,9/19/2021,13934600797,2021-09-19 00:00:00 UTC,5.245568964,86437715.15,9/19/2021,1715301051,6.608088903
2021-09-20 00:00:00 UTC,33.05396966,918728238.2,9/20/2021,13287695803,2021-09-20 00:00:00 UTC,5.930617533,277067077.9,9/20/2021,1939311933,5.573444835
2021-09-21 00:00:00 UTC,27.41649651,1582776290,9/21/2021,11021431596,2021-09-21 00:00:00 UTC,5.859531983,583624456.4,9/21/2021,1916066959,4.678956714
2021-09-22 00:00:00 UTC,24.94675831,1392296742,9/22/2021,10028596840,2021-09-22 00:00:00 UTC,6.170724307,605117733,9/22/2021,2017826849,4.042760148
2021-09-23 00:00:00 UTC,33.31277317,1447406581,9/23/2021,13391734815,2021-09-23 00:00:00 UTC,6.568213908,318945634.7,9/23/2021,2147805948,5.071816119
2021-09-24 00:00:00 UTC,36.43429276,1515458692,9/24/2021,14646585692,2021-09-24 00:00:00 UTC,7.23051451,415202936.4,9/24/2021,2364378245,5.038962678
2021-09-25 00:00:00 UTC,40.0385556,3000770492,9/25/2021,16095499350,2021-09-25 00:00:00 UTC,7.678400756,765552471.7,9/25/2021,2510837047,5.214439422
2021-09-26 00:00:00 UTC,38.0831271,1630889132,9/26/2021,15309417094,2021-09-26 00:00:00 UTC,6.83934617,328536815.3,9/26/2021,2236466197,5.568240904
2021-09-27 00:00:00 UTC,34.53736635,1361619819,9/27/2021,13884021272,2021-09-27 00:00:00 UTC,6.249089478,385367264.9,9/27/2021,2043452259,5.526783777
2021-09-28 00:00:00 UTC,36.75791219,1602407318,9/28/2021,14776680699,2021-09-28 00:00:00 UTC,6.118283074,200291014.2,9/28/2021,2000678565,6.007880274
2021-09-29 00:00:00 UTC,33.06720043,1106852280,9/29/2021,13293014572,2021-09-29 00:00:00 UTC,5.800610655,133337102.3,9/29/2021,1896799684,5.700641259
2021-09-30 00:00:00 UTC,34.16497685,1061820146,9/30/2021,13734320694,2021-09-30 00:00:00 UTC,5.696981748,148019951.9,9/30/2021,1862913032,5.997031123
2021-10-01 00:00:00 UTC,38.37844228,1028518484,10/1/2021,15428133798,2021-10-01 00:00:00 UTC,5.632763506,111434800.7,10/1/2021,1841913666,6.813430431
2021-10-02 00:00:00 UTC,37.7967922,1140762881,10/2/2021,15194310464,2021-10-02 00:00:00 UTC,6.166245086,154622715.5,10/2/2021,2016362143,6.129628595
2021-10-03 00:00:00 UTC,41.38417585,1380959765,10/3/2021,16636438693,2021-10-03 00:00:00 UTC,6.326222153,132661290.5,10/3/2021,2068674644,6.541688681
2021-10-04 00:00:00 UTC,42.96803425,1961685715,10/4/2021,17273149768,2021-10-04 00:00:00 UTC,6.319832808,122039004.2,10/4/2021,2066585328,6.798919458
2021-10-05 00:00:00 UTC,46.76202811,2484195817,10/5/2021,18798335299,2021-10-05 00:00:00 UTC,6.024257462,113309051.5,10/5/2021,1969932190,7.762289113
2021-10-06 00:00:00 UTC,44.98909248,1280626967,10/6/2021,18085615176,2021-10-06 00:00:00 UTC,5.953358276,113226090.9,10/6/2021,1946748156,7.556926762
2021-10-07 00:00:00 UTC,42.01535192,1322088565,10/7/2021,16890171470,2021-10-07 00:00:00 UTC,5.7426365,112100463.7,10/7/2021,1877842135,7.316387154
